NO;TANGGAL;NAMA PRODUK;QTY;HARGA;TOTAL;KETERANGAN;CUSTOMER ;;;;
1;Wednesday, 01 October 2025;OVERSIZE MUSTARD;35; Rp39.000 ; Rp1.365.000 ;LUNAS;HECTIC STORE;;;;
2;Wednesday, 01 October 2025;OVERSIZE LILAC;55; Rp39.000 ; Rp2.145.000 ;LUNAS;HECTIC STORE;;;;
3;Wednesday, 01 October 2025;OVERSIZE BEIGE;43; Rp39.000 ; Rp1.677.000 ;LUNAS;HECTIC STORE;;;;
4;Wednesday, 01 October 2025;OVERSIZE SAGE;53; Rp39.000 ; Rp2.067.000 ;LUNAS;HECTIC STORE;;;;
5;Wednesday, 01 October 2025;BOXY PAINT BROWN;48; Rp49.000 ; Rp2.352.000 ;LUNAS;HECTIC STORE;;;;
6;Wednesday, 01 October 2025;BOXY VOID;39; Rp49.000 ; Rp1.911.000 ;LUNAS;HECTIC STORE;;;;
7;Wednesday, 01 October 2025;BOXY PUBLIC SPACE;46; Rp49.000 ; Rp2.254.000 ;LUNAS;HECTIC STORE;;;;
8;Wednesday, 01 October 2025;BOXY SCORPIO GREY;51; Rp55.000 ; Rp2.805.000 ;LUNAS;HECTIC STORE;;;;
9;Wednesday, 01 October 2025;BOXY GEOLAPS;64; Rp49.000 ; Rp3.136.000 ;LUNAS;HECTIC STORE;;;;
10;Wednesday, 01 October 2025;BASEBALL 77 BLUE TEAL;36; Rp60.000 ; Rp2.160.000 ;LUNAS;HECTIC STORE;;;;
11;Wednesday, 01 October 2025;POLO SHIRT KNIT WHITE;36; Rp60.000 ; Rp2.160.000 ;LUNAS;HECTIC STORE;;;;
12;Wednesday, 01 October 2025;BOXY POLOS HIJAU;60; Rp39.000 ; Rp2.340.000 ;LUNAS;HECTIC STORE;;;;
13;Wednesday, 01 October 2025;BOXY POLOS MERAH;44; Rp39.000 ; Rp1.716.000 ;LUNAS;HECTIC STORE;;;;
14;Sunday, 05 October 2025;OVERSIZE POLOS DUSTY VIOLET;51; Rp39.000 ; Rp1.989.000 ;LUNAS;HECTIC STORE;;;;
15;Sunday, 05 October 2025;KEMEJA LINEN REGULER;57; Rp60.000 ; Rp3.420.000 ;LUNAS;HECTIC STORE;;;;
16;Sunday, 05 October 2025;SEPATU SANDAL;39; Rp105.000 ; Rp4.095.000 ;LUNAS;HECTIC STORE;;;;
17;Sunday, 05 October 2025;OVERSIZE TERRA COTTA;55; Rp39.000 ; Rp2.145.000 ;LUNAS;HECTIC STORE;;;;
18;Sunday, 05 October 2025;BOXY MANUFACT;42; Rp49.000 ; Rp2.058.000 ;LUNAS;HECTIC STORE;;;;
19;Sunday, 05 October 2025;BOXY AFTER TASTE;66; Rp49.000 ; Rp3.234.000 ;LUNAS;HECTIC STORE;;;;
20;Sunday, 05 October 2025;BOXY CHERRY KISS;38; Rp49.000 ; Rp1.862.000 ;LUNAS;HECTIC STORE;;;;
21;Sunday, 05 October 2025;BOXY MY STAR;57; Rp49.000 ; Rp2.793.000 ;LUNAS;HECTIC STORE;;;;
22;Sunday, 05 October 2025;BOXY BIRD;30; Rp49.000 ; Rp1.470.000 ;LUNAS;HECTIC STORE;;;;
23;Sunday, 05 October 2025;BOXY UNDERDOG WHITE;48; Rp49.000 ; Rp2.352.000 ;LUNAS;HECTIC STORE;;;;
24;Sunday, 05 October 2025;KEMEJA KRINKEL BLACK;49; Rp60.000 ; Rp2.940.000 ;LUNAS;HECTIC STORE;;;;
25;Sunday, 05 October 2025;KEMEJA KRINKEL BROWN;52; Rp60.000 ; Rp3.120.000 ;LUNAS;HECTIC STORE;;;;
26;Sunday, 05 October 2025;KEMEJA KRINKEL NAVY;31; Rp60.000 ; Rp1.860.000 ;LUNAS;HECTIC STORE;;;;
27;Sunday, 05 October 2025;BOXY ABSTRACT;40; Rp49.000 ; Rp1.960.000 ;LUNAS;HECTIC STORE;;;;
28;Sunday, 05 October 2025;BOXY JUSTICE;46; Rp49.000 ; Rp2.254.000 ;LUNAS;HECTIC STORE;;;;
29;Sunday, 05 October 2025;BOXY DISTORTED;54; Rp49.000 ; Rp2.646.000 ;LUNAS;HECTIC STORE;;;;
30;Sunday, 05 October 2025;SHORT PANT ABU;64; Rp40.000 ; Rp2.560.000 ;LUNAS;HECTIC STORE;;;;
31;Friday, 10 October 2025;SHORT PANT HITAM;43; Rp40.000 ; Rp1.720.000 ;LUNAS;HECTIC STORE;;;;
32;Friday, 10 October 2025;CARGO PANT CREAM;50; Rp65.000 ; Rp3.250.000 ;LUNAS;HECTIC STORE;;;;
33;Friday, 10 October 2025;CARGO PANT GREEN;52; Rp65.000 ; Rp3.380.000 ;LUNAS;HECTIC STORE;;;;
34;Friday, 10 October 2025;OVERSIZE TERRA COTTA;59; Rp39.000 ; Rp2.301.000 ;LUNAS;HECTIC STORE;;;;
35;Friday, 10 October 2025;BOXY MANUFACT;25; Rp49.000 ; Rp1.225.000 ;LUNAS;HECTIC STORE;;;;
36;Friday, 10 October 2025;JERSEY ACADEMY;62; Rp55.000 ; Rp3.410.000 ;LUNAS;HECTIC STORE;;;;
37;Friday, 10 October 2025;JERSEY BLACK STAR;41; Rp55.000 ; Rp2.255.000 ;LUNAS;HECTIC STORE;;;;
38;Friday, 10 October 2025;BOXY LOCKED;39; Rp49.000 ; Rp1.911.000 ;LUNAS;HECTIC STORE;;;;
39;Friday, 10 October 2025;BOXY BROKEN WHITE;40; Rp49.000 ; Rp1.960.000 ;LUNAS;HECTIC STORE;;;;
40;Friday, 10 October 2025;BOXY OVERSIZE MAROON;33; Rp39.000 ; Rp1.287.000 ;LUNAS;HECTIC STORE;;;;
41;Friday, 10 October 2025;BOXY DREAMER;45; Rp49.000 ; Rp2.205.000 ;LUNAS;HECTIC STORE;;;;
42;Friday, 10 October 2025;BOXY ICON;59; Rp49.000 ; Rp2.891.000 ;LUNAS;HECTIC STORE;;;;
43;Friday, 10 October 2025;SHORT PANT ABU;67; Rp40.000 ; Rp2.680.000 ;LUNAS;HECTIC STORE;;;;
44;Friday, 10 October 2025;KEMEJA LINEN HITAM;40; Rp60.000 ; Rp2.400.000 ;LUNAS;HECTIC STORE;;;;
45;Friday, 10 October 2025;KEMEJA LINEN PUTIH;40; Rp60.000 ; Rp2.400.000 ;LUNAS;HECTIC STORE;;;;
46;Friday, 10 October 2025;OVERSIZE HIJAU LIME;32; Rp39.000 ; Rp1.248.000 ;LUNAS;HECTIC STORE;;;;
47;Friday, 10 October 2025;OVERSIZE TERRA COTTA;38; Rp39.000 ; Rp1.482.000 ;LUNAS;HECTIC STORE;;;;
48;Friday, 10 October 2025;BOXY POLOS HITAM;58; Rp39.000 ; Rp2.262.000 ;LUNAS;HECTIC STORE;;;;
49;Friday, 10 October 2025;BOXY POLOS PUTIH;58; Rp39.000 ; Rp2.262.000 ;LUNAS;HECTIC STORE;;;;
50;Friday, 10 October 2025;BOXY REALITY;66; Rp49.000 ; Rp3.234.000 ;LUNAS;HECTIC STORE;;;;
51;Tuesday, 14 October 2025;BOXY REBEL;35; Rp49.000 ; Rp1.715.000 ;LUNAS;HECTIC STORE;;;;
52;Tuesday, 14 October 2025;BOXY FALLEN;60; Rp49.000 ; Rp2.940.000 ;LUNAS;HECTIC STORE;;;;
53;Tuesday, 14 October 2025;BOXY CHROME;69; Rp49.000 ; Rp3.381.000 ;LUNAS;HECTIC STORE;;;;
54;Tuesday, 14 October 2025;JERSEY GREEN FOREST;51; Rp55.000 ; Rp2.805.000 ;LUNAS;HECTIC STORE;;;;
55;Tuesday, 14 October 2025;JERSEY BLACK STAR;53; Rp55.000 ; Rp2.915.000 ;LUNAS;HECTIC STORE;;;;
56;Tuesday, 14 October 2025;OVERSIZE HIJAU BOTOL;53; Rp39.000 ; Rp2.067.000 ;LUNAS;HECTIC STORE;;;;
57;Tuesday, 14 October 2025;KEMEJA KRINKEL BLACK;48; Rp60.000 ; Rp2.880.000 ;LUNAS;HECTIC STORE;;;;
58;Tuesday, 14 October 2025;KEMEJA KRINKEL BROWN;57; Rp60.000 ; Rp3.420.000 ;LUNAS;HECTIC STORE;;;;
59;Tuesday, 14 October 2025;KEMEJA KRINKEL RED;42; Rp60.000 ; Rp2.520.000 ;LUNAS;HECTIC STORE;;;;
60;Tuesday, 14 October 2025;KEMEJA KRINKEL NAVY;65; Rp60.000 ; Rp3.900.000 ;LUNAS;HECTIC STORE;;;;
61;Tuesday, 14 October 2025;KEMEJA KRINKEL WHITE;39; Rp60.000 ; Rp2.340.000 ;LUNAS;HECTIC STORE;;;;
62;Tuesday, 14 October 2025;KEMEJA LINEN KRINKEL CREAM;51; Rp60.000 ; Rp3.060.000 ;LUNAS;HECTIC STORE;;;;
63;Tuesday, 14 October 2025;KEMEJA LINEN KRINKEL PUTIH;60; Rp60.000 ; Rp3.600.000 ;LUNAS;HECTIC STORE;;;;
64;Tuesday, 14 October 2025;KEMEJA LINEN HITAM;44; Rp60.000 ; Rp2.640.000 ;LUNAS;HECTIC STORE;;;;
65;Tuesday, 14 October 2025;KEMEJA LINEN PUTIH;58; Rp60.000 ; Rp3.480.000 ;LUNAS;HECTIC STORE;;;;
66;Tuesday, 14 October 2025;OVERSIZE BEIGE;36; Rp39.000 ; Rp1.404.000 ;LUNAS;HECTIC STORE;;;;
67;Tuesday, 14 October 2025;BASEBALL 77 BLACK;48; Rp60.000 ; Rp2.880.000 ;LUNAS;HECTIC STORE;;;;
68;Tuesday, 14 October 2025;BOXY DREAMER;30; Rp49.000 ; Rp1.470.000 ;LUNAS;HECTIC STORE;;;;
69;Friday, 17 October 2025;BOXY ALWAYS;55; Rp49.000 ; Rp2.695.000 ;LUNAS;HECTIC STORE;;;;
70;Friday, 17 October 2025;BOXY FAKE FRIEND;43; Rp49.000 ; Rp2.107.000 ;LUNAS;HECTIC STORE;;;;
71;Friday, 17 October 2025;BOXY CAMEL;65; Rp49.000 ; Rp3.185.000 ;LUNAS;HECTIC STORE;;;;
72;Friday, 17 October 2025;BOXY BITCHIN;44; Rp49.000 ; Rp2.156.000 ;LUNAS;HECTIC STORE;;;;
73;Friday, 17 October 2025;BOXY WHATEVER;69; Rp49.000 ; Rp3.381.000 ;LUNAS;HECTIC STORE;;;;
74;Friday, 17 October 2025;BOXY SUNSET;30; Rp55.000 ; Rp1.650.000 ;LUNAS;HECTIC STORE;;;;
75;Friday, 17 October 2025;CARDIGAN CORSVIA RAJOET;57; Rp120.000 ; Rp6.840.000 ;LUNAS;HECTIC STORE;;;;
76;Friday, 17 October 2025;BOXY ABSTRACT;40; Rp49.000 ; Rp1.960.000 ;LUNAS;HECTIC STORE;;;;
77;Friday, 17 October 2025;OVERSIZE CREAMBERRY;49; Rp39.000 ; Rp1.911.000 ;LUNAS;HECTIC STORE;;;;
78;Friday, 17 October 2025;OVERSIZE DARK BROWN;63; Rp39.000 ; Rp2.457.000 ;LUNAS;HECTIC STORE;;;;
79;Friday, 17 October 2025;OVERSIZE DUSTY PINK;55; Rp39.000 ; Rp2.145.000 ;LUNAS;HECTIC STORE;;;;
80;Friday, 17 October 2025;OVERSIZE HIJAU BOTOL;40; Rp39.000 ; Rp1.560.000 ;LUNAS;HECTIC STORE;;;;
81;Friday, 17 October 2025;BOXY PAINT BLACK;52; Rp49.000 ; Rp2.548.000 ;LUNAS;HECTIC STORE;;;;
82;Friday, 17 October 2025;BOXY PAINT BROWN;37; Rp49.000 ; Rp1.813.000 ;LUNAS;HECTIC STORE;;;;
83;Friday, 17 October 2025;BOXY PATIENCE;59; Rp49.000 ; Rp2.891.000 ;LUNAS;HECTIC STORE;;;;
84;Friday, 17 October 2025;BOXY POLOS HITAM;45; Rp39.000 ; Rp1.755.000 ;LUNAS;HECTIC STORE;;;;
85;Friday, 17 October 2025;BOXY POLOS PUTIH;61; Rp39.000 ; Rp2.379.000 ;LUNAS;HECTIC STORE;;;;
86;Sunday, 19 October 2025;BOXY PUBLIC SPACE;50; Rp49.000 ; Rp2.450.000 ;LUNAS;HECTIC STORE;;;;
87;Sunday, 19 October 2025;BOXY PURPLE;38; Rp49.000 ; Rp1.862.000 ;LUNAS;HECTIC STORE;;;;
88;Sunday, 19 October 2025;BOXY RABBIT TEE;54; Rp49.000 ; Rp2.646.000 ;LUNAS;HECTIC STORE;;;;
89;Sunday, 19 October 2025;BOXY OPINION;60; Rp49.000 ; Rp2.940.000 ;LUNAS;HECTIC STORE;;;;
90;Sunday, 19 October 2025;BOXY LEOPARD;68; Rp49.000 ; Rp3.332.000 ;LUNAS;HECTIC STORE;;;;
91;Sunday, 19 October 2025;BOXY FAKE FRIEND;63; Rp49.000 ; Rp3.087.000 ;LUNAS;HECTIC STORE;;;;
92;Sunday, 19 October 2025;BOXY CHERRY KISS;65; Rp49.000 ; Rp3.185.000 ;LUNAS;HECTIC STORE;;;;
93;Sunday, 19 October 2025;BOXY DEADLY;59; Rp49.000 ; Rp2.891.000 ;LUNAS;HECTIC STORE;;;;
94;Sunday, 19 October 2025;BOXY FIELD;52; Rp49.000 ; Rp2.548.000 ;LUNAS;HECTIC STORE;;;;
95;Sunday, 19 October 2025;BOXY CAMEL;43; Rp49.000 ; Rp2.107.000 ;LUNAS;HECTIC STORE;;;;
96;Sunday, 19 October 2025;BOXY GRUNGE;74; Rp49.000 ; Rp3.626.000 ;LUNAS;HECTIC STORE;;;;
97;Sunday, 19 October 2025;OVERSIZE POLOS HITAM;57; Rp39.000 ; Rp2.223.000 ;LUNAS;HECTIC STORE;;;;
98;Sunday, 19 October 2025;OVERSIZE POLOS PUTIH;57; Rp39.000 ; Rp2.223.000 ;LUNAS;HECTIC STORE;;;;
99;Sunday, 19 October 2025;JERSEY ACADEMY;49; Rp55.000 ; Rp2.695.000 ;LUNAS;HECTIC STORE;;;;
100;Sunday, 19 October 2025;JERSEY LEOPARD;48; Rp55.000 ; Rp2.640.000 ;LUNAS;HECTIC STORE;;;;
101;Sunday, 19 October 2025;KEMEJA LINEN REGULER;33; Rp60.000 ; Rp1.980.000 ;LUNAS;HECTIC STORE;;;;
102;Sunday, 19 October 2025;POLO SHIRT KNIT WHITE;54; Rp60.000 ; Rp3.240.000 ;LUNAS;HECTIC STORE;;;;
103;Sunday, 19 October 2025;KEMEJA KRINKEL NAVY;58; Rp60.000 ; Rp3.480.000 ;LUNAS;HECTIC STORE;;;;
104;Tuesday, 21 October 2025;BOXY SCORPIO GREY;36; Rp55.000 ; Rp1.980.000 ;LUNAS;HECTIC STORE;;;;
105;Tuesday, 21 October 2025;BOXY AFTER TASTE;61; Rp55.000 ; Rp3.355.000 ;LUNAS;HECTIC STORE;;;;
106;Tuesday, 21 October 2025;OVERSIZE STILL BLUE;49; Rp39.000 ; Rp1.911.000 ;LUNAS;HECTIC STORE;;;;
107;Tuesday, 21 October 2025;BOXY ALWAYS;37; Rp49.000 ; Rp1.813.000 ;LUNAS;HECTIC STORE;;;;
108;Tuesday, 21 October 2025;JERSEY GREEN FOREST;54; Rp55.000 ; Rp2.970.000 ;LUNAS;HECTIC STORE;;;;
109;Tuesday, 21 October 2025;BOXY WASHED BLACK;43; Rp49.000 ; Rp2.107.000 ;LUNAS;HECTIC STORE;;;;
110;Tuesday, 21 October 2025;OVERSIZE HIJAU BOTOL;60; Rp39.000 ; Rp2.340.000 ;LUNAS;HECTIC STORE;;;;
111;Tuesday, 21 October 2025;BOXY UNDERDOG WHITE;73; Rp49.000 ; Rp3.577.000 ;LUNAS;HECTIC STORE;;;;
112;Tuesday, 21 October 2025;BOXY MIDNIGHT;57; Rp49.000 ; Rp2.793.000 ;LUNAS;HECTIC STORE;;;;
113;Tuesday, 21 October 2025;BOXY ANXIETY WHITE;45; Rp49.000 ; Rp2.205.000 ;LUNAS;HECTIC STORE;;;;
114;Tuesday, 21 October 2025;BOXY DUCK TAPE;53; Rp49.000 ; Rp2.597.000 ;LUNAS;HECTIC STORE;;;;
115;Tuesday, 21 October 2025;BOXY DISTORTED HITAM;67; Rp49.000 ; Rp3.283.000 ;LUNAS;HECTIC STORE;;;;
116;Tuesday, 21 October 2025;BOXY DISTORTED ABU;79; Rp49.000 ; Rp3.871.000 ;LUNAS;HECTIC STORE;;;;
117;Tuesday, 21 October 2025;KEMEJA FLANNEL HIJAU;31; Rp60.000 ; Rp1.860.000 ;LUNAS;HECTIC STORE;;;;
118;Tuesday, 21 October 2025;KEMEJA FLANNEL COKLAT;70; Rp60.000 ; Rp4.200.000 ;LUNAS;HECTIC STORE;;;;
119;Tuesday, 21 October 2025;BOXY LOVED;56; Rp49.000 ; Rp2.744.000 ;LUNAS;HECTIC STORE;;;;
120;Tuesday, 21 October 2025;BOXY BITCHIN;55; Rp49.000 ; Rp2.695.000 ;LUNAS;HECTIC STORE;;;;
121;Tuesday, 21 October 2025;BOXY ALWAYS;64; Rp49.000 ; Rp3.136.000 ;LUNAS;HECTIC STORE;;;;
122;Tuesday, 21 October 2025;BASEBALL 77 BLACK;34; Rp60.000 ; Rp2.040.000 ;LUNAS;HECTIC STORE;;;;
123;Saturday, 25 October 2025;BASEBALL 77 BLUE TEAL;55; Rp60.000 ; Rp3.300.000 ;LUNAS;HECTIC STORE;;;;
124;Saturday, 25 October 2025;KEMEJA KNIT MAHOGANY;44; Rp60.000 ; Rp2.640.000 ;LUNAS;HECTIC STORE;;;;
125;Saturday, 25 October 2025;KEMEJA KNIT WHITE;44; Rp60.000 ; Rp2.640.000 ;LUNAS;HECTIC STORE;;;;
126;Saturday, 25 October 2025;SEPATU SANDAL;50; Rp105.000 ; Rp5.250.000 ;LUNAS;HECTIC STORE;;;;
127;Saturday, 25 October 2025;BOXY MANUFACT;51; Rp49.000 ; Rp2.499.000 ;LUNAS;HECTIC STORE;;;;
128;Saturday, 25 October 2025;BOXY LOVED;39; Rp49.000 ; Rp1.911.000 ;LUNAS;HECTIC STORE;;;;
129;Saturday, 25 October 2025;BOXY BUTTERFLY;64; Rp49.000 ; Rp3.136.000 ;LUNAS;HECTIC STORE;;;;
130;Saturday, 25 October 2025;OVERSIZE CREAMBERRY;45; Rp39.000 ; Rp1.755.000 ;LUNAS;HECTIC STORE;;;;
131;Saturday, 25 October 2025;BOXY BROKEN WHITE;57; Rp49.000 ; Rp2.793.000 ;LUNAS;HECTIC STORE;;;;
132;Saturday, 25 October 2025;KEMEJA LINEN KRINKEL CREAM;52; Rp60.000 ; Rp3.120.000 ;LUNAS;HECTIC STORE;;;;
133;Saturday, 25 October 2025;BOXY WHATEVER;35; Rp49.000 ; Rp1.715.000 ;LUNAS;HECTIC STORE;;;;
134;Saturday, 25 October 2025;BOXY MY STAR;48; Rp49.000 ; Rp2.352.000 ;LUNAS;HECTIC STORE;;;;
135;Saturday, 25 October 2025;BAGGY MOSSY;42; Rp100.000 ; Rp4.200.000 ;LUNAS;HECTIC STORE;;;;
136;Saturday, 25 October 2025;BOXY SCORPIO GREY;45; Rp55.000 ; Rp2.475.000 ;LUNAS;HECTIC STORE;;;;
137;Saturday, 25 October 2025;BOXY SCORPIO WHITE;55; Rp55.000 ; Rp3.025.000 ;LUNAS;HECTIC STORE;;;;
138;Saturday, 25 October 2025;BOXY VOID;44; Rp49.000 ; Rp2.156.000 ;LUNAS;HECTIC STORE;;;;
139;Saturday, 25 October 2025;BOXY WHATEVER;48; Rp49.000 ; Rp2.352.000 ;LUNAS;HECTIC STORE;;;;
140;Saturday, 25 October 2025;BOXY MOURN;58; Rp49.000 ; Rp2.842.000 ;LUNAS;HECTIC STORE;;;;
141;Monday, 27 October 2025;BOXY MONEY TALKS;66; Rp49.000 ; Rp3.234.000 ;LUNAS;HECTIC STORE;;;;
142;Monday, 27 October 2025;BOXY NEW LOGO;34; Rp49.000 ; Rp1.666.000 ;LUNAS;HECTIC STORE;;;;
143;Monday, 27 October 2025;BOXY POLOS PUTIH;50; Rp39.000 ; Rp1.950.000 ;LUNAS;HECTIC STORE;;;;
144;Monday, 27 October 2025;KEMEJA LINEN KRINKEL CREAM;54; Rp60.000 ; Rp3.240.000 ;LUNAS;HECTIC STORE;;;;
145;Monday, 27 October 2025;KEMEJA LINEN KRINKEL PUTIH;54; Rp60.000 ; Rp3.240.000 ;LUNAS;HECTIC STORE;;;;
146;Monday, 27 October 2025;OVERSIZE STILL GREY;63; Rp39.000 ; Rp2.457.000 ;LUNAS;HECTIC STORE;;;;
147;Monday, 27 October 2025;BOXY DISTORTED HITAM;40; Rp49.000 ; Rp1.960.000 ;LUNAS;HECTIC STORE;;;;
148;Monday, 27 October 2025;BOXY AGAINST;55; Rp49.000 ; Rp2.695.000 ;LUNAS;HECTIC STORE;;;;
149;Monday, 27 October 2025;KEMEJA KNIT MAHOGANY;46; Rp60.000 ; Rp2.760.000 ;LUNAS;HECTIC STORE;;;;
150;Monday, 27 October 2025;BOXY FALLEN;59; Rp49.000 ; Rp2.891.000 ;LUNAS;HECTIC STORE;;;;
151;Monday, 27 October 2025;BOXY ARCHIVE;38; Rp49.000 ; Rp1.862.000 ;LUNAS;HECTIC STORE;;;;
152;Monday, 27 October 2025;BOXY UNDERDOG WHITE;50; Rp49.000 ; Rp2.450.000 ;LUNAS;HECTIC STORE;;;;
153;Monday, 27 October 2025;SHORT PANT ABU;62; Rp40.000 ; Rp2.480.000 ;LUNAS;HECTIC STORE;;;;
154;Monday, 27 October 2025;BOXY LEOPARD;52; Rp49.000 ; Rp2.548.000 ;LUNAS;HECTIC STORE;;;;
155;Monday, 27 October 2025;BOXY OPINION;57; Rp49.000 ; Rp2.793.000 ;LUNAS;HECTIC STORE;;;;
156;Monday, 27 October 2025;BOXY CAMEL;53; Rp49.000 ; Rp2.597.000 ;LUNAS;HECTIC STORE;;;;
157;Monday, 27 October 2025;BOXY PAINT BLACK;34; Rp49.000 ; Rp1.666.000 ;LUNAS;HECTIC STORE;;;;
158;Wednesday, 29 October 2025;BOXY MY STAR;39; Rp49.000 ; Rp1.911.000 ;LUNAS;HECTIC STORE;;;;
159;Wednesday, 29 October 2025;BOXY GEOLAPS;55; Rp49.000 ; Rp2.695.000 ;LUNAS;HECTIC STORE;;;;
160;Wednesday, 29 October 2025;BOXY THE GIFT;62; Rp49.000 ; Rp3.038.000 ;LUNAS;HECTIC STORE;;;;
161;Wednesday, 29 October 2025;BOXY ICON;54; Rp49.000 ; Rp2.646.000 ;LUNAS;HECTIC STORE;;;;
162;Wednesday, 29 October 2025;OVERSIZE STILL BLUE;35; Rp39.000 ; Rp1.365.000 ;LUNAS;HECTIC STORE;;;;
163;Wednesday, 29 October 2025;OVERSIZE DUSTY PINK;33; Rp39.000 ; Rp1.287.000 ;LUNAS;HECTIC STORE;;;;
164;Wednesday, 29 October 2025;JERSEY BLACK STAR;78; Rp55.000 ; Rp4.290.000 ;LUNAS;HECTIC STORE;;;;
165;Wednesday, 29 October 2025;JERSEY ACADEMY;76; Rp55.000 ; Rp4.180.000 ;LUNAS;HECTIC STORE;;;;
166;Wednesday, 29 October 2025;JERSEY LEOPARD;77; Rp55.000 ; Rp4.235.000 ;LUNAS;HECTIC STORE;;;;
167;Wednesday, 29 October 2025;BAGGY MOSSY;50; Rp100.000 ; Rp5.000.000 ;LUNAS;HECTIC STORE;;;;
168;Wednesday, 29 October 2025;SEPATU SANDAL;33; Rp105.000 ; Rp3.465.000 ;LUNAS;HECTIC STORE;;;;
169;Wednesday, 29 October 2025;BOXY DISTORTED HITAM;34; Rp49.000 ; Rp1.666.000 ;LUNAS;HECTIC STORE;;;;
170;Wednesday, 29 October 2025;BOXY DISTORTED ABU;34; Rp49.000 ; Rp1.666.000 ;LUNAS;HECTIC STORE;;;;
171;Wednesday, 29 October 2025;BOXY POLOS HITAM;66; Rp39.000 ; Rp2.574.000 ;LUNAS;HECTIC STORE;;;;
172;Wednesday, 29 October 2025;BOXY POLOS PUTIH;67; Rp39.000 ; Rp2.613.000 ;LUNAS;HECTIC STORE;;;;
173;Monday, 03 November 2025;BOXY BROKEN WHITE;54; Rp49.000 ; Rp2.646.000 ;LUNAS;HECTIC STORE;;;;
174;Monday, 03 November 2025;BOXY ALWAYS;67; Rp49.000 ; Rp3.283.000 ;LUNAS;HECTIC STORE;;;;
175;Monday, 03 November 2025;BOXY OPINION;62; Rp49.000 ; Rp3.038.000 ;LUNAS;HECTIC STORE;;;;
176;Monday, 03 November 2025;BOXY CHROME;64; Rp49.000 ; Rp3.136.000 ;LUNAS;HECTIC STORE;;;;
177;Monday, 03 November 2025;BOXY REALITY;68; Rp49.000 ; Rp3.332.000 ;LUNAS;HECTIC STORE;;;;
178;Monday, 03 November 2025;KEMEJA FLANNEL HIJAU;44; Rp60.000 ; Rp2.640.000 ;LUNAS;HECTIC STORE;;;;
179;Monday, 03 November 2025;JERSEY BLACK STAR;29; Rp55.000 ; Rp1.595.000 ;LUNAS;HECTIC STORE;;;;
180;Monday, 03 November 2025;BOXY SCORPIO WHITE;57; Rp55.000 ; Rp3.135.000 ;LUNAS;HECTIC STORE;;;;
181;Monday, 03 November 2025;BOXY STREET BOYS;38; Rp49.000 ; Rp1.862.000 ;LUNAS;HECTIC STORE;;;;
182;Monday, 03 November 2025;BOXY PAINT BLACK;63; Rp49.000 ; Rp3.087.000 ;LUNAS;HECTIC STORE;;;;
183;Monday, 03 November 2025;BOXY LOVED RIB WHITE;49; Rp49.000 ; Rp2.401.000 ;LUNAS;HECTIC STORE;;;;
184;Monday, 03 November 2025;OVERSIZE POLOS PUTIH;36; Rp39.000 ; Rp1.404.000 ;LUNAS;HECTIC STORE;;;;
185;Monday, 03 November 2025;BOXY JUSTICE;52; Rp49.000 ; Rp2.548.000 ;LUNAS;HECTIC STORE;;;;
186;Monday, 03 November 2025;BASEBALL 77 BLUE TEAL;41; Rp60.000 ; Rp2.460.000 ;LUNAS;HECTIC STORE;;;;
187;Monday, 03 November 2025;CARGO PANT GREEN;56; Rp65.000 ; Rp3.640.000 ;LUNAS;HECTIC STORE;;;;
188;Monday, 03 November 2025;CARGO PANT CREAM;59; Rp65.000 ; Rp3.835.000 ;LUNAS;HECTIC STORE;;;;
189;Monday, 03 November 2025;BOXY DUCK TAPE;77; Rp49.000 ; Rp3.773.000 ;LUNAS;HECTIC STORE;;;;
190;Monday, 03 November 2025;BOXY WHATEVER;73; Rp49.000 ; Rp3.577.000 ;LUNAS;HECTIC STORE;;;;
191;Monday, 03 November 2025;KEMEJA FLANNEL COKLAT;71; Rp60.000 ; Rp4.260.000 ;LUNAS;HECTIC STORE;;;;
192;Friday, 07 November 2025;BOXY GRUNGE;70; Rp49.000 ; Rp3.430.000 ;LUNAS;HECTIC STORE;;;;
193;Friday, 07 November 2025;BOXY LEOPARD;55; Rp49.000 ; Rp2.695.000 ;LUNAS;HECTIC STORE;;;;
194;Friday, 07 November 2025;BOXY LOCKED;79; Rp49.000 ; Rp3.871.000 ;LUNAS;HECTIC STORE;;;;
195;Friday, 07 November 2025;BOXY DREAMER;43; Rp49.000 ; Rp2.107.000 ;LUNAS;HECTIC STORE;;;;
196;Friday, 07 November 2025;BOXY LOVE;67; Rp49.000 ; Rp3.283.000 ;LUNAS;HECTIC STORE;;;;
197;Friday, 07 November 2025;BOXY BROKEN WHITE;35; Rp49.000 ; Rp1.715.000 ;LUNAS;HECTIC STORE;;;;
198;Friday, 07 November 2025;BOXY FAKE FRIEND;54; Rp49.000 ; Rp2.646.000 ;LUNAS;HECTIC STORE;;;;
199;Friday, 07 November 2025;BOXY ARCHIVE;76; Rp49.000 ; Rp3.724.000 ;LUNAS;HECTIC STORE;;;;
200;Friday, 07 November 2025;BOXY CAMEL;58; Rp49.000 ; Rp2.842.000 ;LUNAS;HECTIC STORE;;;;
201;Friday, 07 November 2025;OVERSIZE STILL GREY;60; Rp39.000 ; Rp2.340.000 ;LUNAS;HECTIC STORE;;;;
202;Friday, 07 November 2025;KEMEJA LINEN REGULER;66; Rp60.000 ; Rp3.960.000 ;LUNAS;HECTIC STORE;;;;
203;Friday, 07 November 2025;KEMEJA KRINKEL RED;52; Rp60.000 ; Rp3.120.000 ;LUNAS;HECTIC STORE;;;;
204;Friday, 07 November 2025;KEMEJA KRINKEL WHITE;54; Rp60.000 ; Rp3.240.000 ;LUNAS;HECTIC STORE;;;;
205;Friday, 07 November 2025;OVERSIZE POLOS HITAM;75; Rp39.000 ; Rp2.925.000 ;LUNAS;HECTIC STORE;;;;
206;Friday, 07 November 2025;OVERSIZE POLOS PUTIH;75; Rp39.000 ; Rp2.925.000 ;LUNAS;HECTIC STORE;;;;
207;Friday, 07 November 2025;POLO SHIRT KNIT WHITE;61; Rp60.000 ; Rp3.660.000 ;LUNAS;HECTIC STORE;;;;
208;Friday, 07 November 2025;CARDIGAN CORSVIA RAJOET;44; Rp120.000 ; Rp5.280.000 ;LUNAS;HECTIC STORE;;;;
209;Friday, 07 November 2025;BOXY POLOS HITAM;55; Rp39.000 ; Rp2.145.000 ;LUNAS;HECTIC STORE;;;;
210;Friday, 07 November 2025;BOXY POLOS PUTIH;55; Rp39.000 ; Rp2.145.000 ;LUNAS;HECTIC STORE;;;;
211;Friday, 07 November 2025;BOXY RABBIT TEE;37; Rp49.000 ; Rp1.813.000 ;LUNAS;HECTIC STORE;;;;
212;Friday, 07 November 2025;BOXY OVERSIZE CHARCOAL;44; Rp39.000 ; Rp1.716.000 ;LUNAS;HECTIC STORE;;;;
213;Tuesday, 11 November 2025;BOXY AFTER TASTE;39; Rp49.000 ; Rp1.911.000 ;LUNAS;HECTIC STORE;;;;
214;Tuesday, 11 November 2025;BOXY FALLEN;55; Rp49.000 ; Rp2.695.000 ;LUNAS;HECTIC STORE;;;;
215;Tuesday, 11 November 2025;BOXY LEOPARD;49; Rp49.000 ; Rp2.401.000 ;LUNAS;HECTIC STORE;;;;
216;Tuesday, 11 November 2025;BOXY OPINION;74; Rp49.000 ; Rp3.626.000 ;LUNAS;HECTIC STORE;;;;
217;Tuesday, 11 November 2025;BOXY DREAMER;70; Rp49.000 ; Rp3.430.000 ;LUNAS;HECTIC STORE;;;;
218;Tuesday, 11 November 2025;BOXY STREET BOYS;75; Rp49.000 ; Rp3.675.000 ;LUNAS;HECTIC STORE;;;;
219;Tuesday, 11 November 2025;BOXY NEW LOGO;68; Rp49.000 ; Rp3.332.000 ;LUNAS;HECTIC STORE;;;;
220;Tuesday, 11 November 2025;BOXY BROKEN WHITE;68; Rp49.000 ; Rp3.332.000 ;LUNAS;HECTIC STORE;;;;
221;Tuesday, 11 November 2025;CARGO PANT CREAM;50; Rp65.000 ; Rp3.250.000 ;LUNAS;HECTIC STORE;;;;
222;Tuesday, 11 November 2025;KEMEJA LINEN REGULER;43; Rp60.000 ; Rp2.580.000 ;LUNAS;HECTIC STORE;;;;
223;Tuesday, 11 November 2025;BOXY SUNSET;39; Rp55.000 ; Rp2.145.000 ;LUNAS;HECTIC STORE;;;;
224;Tuesday, 11 November 2025;BOXY NOSTALGIA;36; Rp49.000 ; Rp1.764.000 ;LUNAS;HECTIC STORE;;;;
225;Tuesday, 11 November 2025;SEPATU SANDAL;77; Rp105.000 ; Rp8.085.000 ;LUNAS;HECTIC STORE;;;;
226;Tuesday, 11 November 2025;BOXY AFTER TASTE;35; Rp49.000 ; Rp1.715.000 ;LUNAS;HECTIC STORE;;;;
227;Tuesday, 11 November 2025;BOXY CHERRY KISS;55; Rp49.000 ; Rp2.695.000 ;LUNAS;HECTIC STORE;;;;
228;Tuesday, 11 November 2025;BOXY MY STAR;46; Rp49.000 ; Rp2.254.000 ;LUNAS;HECTIC STORE;;;;
229;Tuesday, 11 November 2025;BOXY LOCKED;51; Rp49.000 ; Rp2.499.000 ;LUNAS;HECTIC STORE;;;;
230;Tuesday, 11 November 2025;BOXY BROKEN WHITE;67; Rp49.000 ; Rp3.283.000 ;LUNAS;HECTIC STORE;;;;
231;Tuesday, 11 November 2025;BOXY OVERSIZE MAROON;33; Rp39.000 ; Rp1.287.000 ;LUNAS;HECTIC STORE;;;;
232;Tuesday, 11 November 2025;BOXY DREAMER;66; Rp49.000 ; Rp3.234.000 ;LUNAS;HECTIC STORE;;;;
233;Tuesday, 11 November 2025;BOXY REALITY;58; Rp49.000 ; Rp2.842.000 ;LUNAS;HECTIC STORE;;;;
234;Tuesday, 11 November 2025;BOXY REBEL;55; Rp49.000 ; Rp2.695.000 ;LUNAS;HECTIC STORE;;;;
235;Friday, 14 November 2025;BOXY FALLEN;65; Rp49.000 ; Rp3.185.000 ;LUNAS;HECTIC STORE;;;;
236;Friday, 14 November 2025;BOXY CHROME;52; Rp49.000 ; Rp2.548.000 ;LUNAS;HECTIC STORE;;;;
237;Friday, 14 November 2025;BOXY PUBLIC SPACE;59; Rp49.000 ; Rp2.891.000 ;LUNAS;HECTIC STORE;;;;
238;Friday, 14 November 2025;BOXY SCORPIO GREY;42; Rp55.000 ; Rp2.310.000 ;LUNAS;HECTIC STORE;;;;
239;Friday, 14 November 2025;SHORT PANT ABU;31; Rp40.000 ; Rp1.240.000 ;LUNAS;HECTIC STORE;;;;
240;Friday, 14 November 2025;BOXY SUNSET;49; Rp55.000 ; Rp2.695.000 ;LUNAS;HECTIC STORE;;;;
241;Friday, 14 November 2025;CARDIGAN CORSVIA RAJOET;41; Rp120.000 ; Rp4.920.000 ;LUNAS;HECTIC STORE;;;;
242;Friday, 14 November 2025;BOXY ABSTRACT;44; Rp49.000 ; Rp2.156.000 ;LUNAS;HECTIC STORE;;;;
243;Friday, 14 November 2025;OVERSIZE HIJAU LIME;57; Rp39.000 ; Rp2.223.000 ;LUNAS;HECTIC STORE;;;;
244;Friday, 14 November 2025;OVERSIZE TERRA COTTA;51; Rp39.000 ; Rp1.989.000 ;LUNAS;HECTIC STORE;;;;
245;Friday, 14 November 2025;KEMEJA LINEN HITAM;39; Rp60.000 ; Rp2.340.000 ;LUNAS;HECTIC STORE;;;;
246;Friday, 14 November 2025;KEMEJA LINEN PUTIH;32; Rp60.000 ; Rp1.920.000 ;LUNAS;HECTIC STORE;;;;
247;Friday, 14 November 2025;JERSEY GREEN FOREST;37; Rp55.000 ; Rp2.035.000 ;LUNAS;HECTIC STORE;;;;
248;Friday, 14 November 2025;JERSEY BLACK STAR;50; Rp55.000 ; Rp2.750.000 ;LUNAS;HECTIC STORE;;;;
249;Friday, 14 November 2025;BOXY LEOPARD;91; Rp49.000 ; Rp4.459.000 ;LUNAS;HECTIC STORE;;;;
250;Friday, 14 November 2025;BOXY NOSTALGIA;94; Rp49.000 ; Rp4.606.000 ;LUNAS;HECTIC STORE;;;;
251;Friday, 14 November 2025;BOXY WHATEVER;45; Rp49.000 ; Rp2.205.000 ;LUNAS;HECTIC STORE;;;;
252;Friday, 14 November 2025;BOXY BITCHIN;99; Rp49.000 ; Rp4.851.000 ;LUNAS;HECTIC STORE;;;;
253;Friday, 14 November 2025;BOXY FIELD;50; Rp49.000 ; Rp2.450.000 ;LUNAS;HECTIC STORE;;;;
254;Friday, 14 November 2025;BOXY CAMEL;50; Rp49.000 ; Rp2.450.000 ;LUNAS;HECTIC STORE;;;;
255;Friday, 14 November 2025;BOXY OPINION;53; Rp49.000 ; Rp2.597.000 ;LUNAS;HECTIC STORE;;;;
256;Monday, 17 November 2025;BOXY POLOS HITAM;61; Rp39.000 ; Rp2.379.000 ;LUNAS;HECTIC STORE;;;;
257;Monday, 17 November 2025;OVERSIZE POLOS HITAM;63; Rp39.000 ; Rp2.457.000 ;LUNAS;HECTIC STORE;;;;
258;Monday, 17 November 2025;JERSEY LEOPARD;47; Rp55.000 ; Rp2.585.000 ;LUNAS;HECTIC STORE;;;;
259;Monday, 17 November 2025;BOXY FAKE FRIEND;55; Rp49.000 ; Rp2.695.000 ;LUNAS;HECTIC STORE;;;;
260;Monday, 17 November 2025;OVERSIZE SAGE;35; Rp39.000 ; Rp1.365.000 ;LUNAS;HECTIC STORE;;;;
261;Monday, 17 November 2025;BOXY ANXIETY BLACK;50; Rp49.000 ; Rp2.450.000 ;LUNAS;HECTIC STORE;;;;
262;Monday, 17 November 2025;OVERSIZE TERRA COTTA;56; Rp39.000 ; Rp2.184.000 ;LUNAS;HECTIC STORE;;;;
263;Monday, 17 November 2025;OVERSIZE HIJAU LIME;43; Rp39.000 ; Rp1.677.000 ;LUNAS;HECTIC STORE;;;;
264;Monday, 17 November 2025;SHORT PANT HITAM;58; Rp40.000 ; Rp2.320.000 ;LUNAS;HECTIC STORE;;;;
265;Monday, 17 November 2025;KEMEJA LINEN KRINKEL PUTIH;47; Rp60.000 ; Rp2.820.000 ;LUNAS;HECTIC STORE;;;;
266;Monday, 17 November 2025;JERSEY ACADEMY;39; Rp55.000 ; Rp2.145.000 ;LUNAS;HECTIC STORE;;;;
267;Monday, 17 November 2025;KEMEJA LINEN PUTIH;54; Rp60.000 ; Rp3.240.000 ;LUNAS;HECTIC STORE;;;;
268;Monday, 17 November 2025;CARDIGAN CORSVIA RAJOET;40; Rp120.000 ; Rp4.800.000 ;LUNAS;HECTIC STORE;;;;
269;Monday, 17 November 2025;BOXY DUCK TAPE;53; Rp49.000 ; Rp2.597.000 ;LUNAS;HECTIC STORE;;;;
270;Monday, 17 November 2025;SEPATU SANDAL;68; Rp105.000 ; Rp7.140.000 ;LUNAS;HECTIC STORE;;;;
271;Thursday, 20 November 2025;JERSEY LEOPARD;95; Rp55.000 ; Rp5.225.000 ;LUNAS;HECTIC STORE;;;;
272;Thursday, 20 November 2025;OVERSIZE POLOS HITAM;42; Rp39.000 ; Rp1.638.000 ;LUNAS;HECTIC STORE;;;;
273;Thursday, 20 November 2025;BOXY WHATEVER;35; Rp49.000 ; Rp1.715.000 ;LUNAS;HECTIC STORE;;;;
274;Thursday, 20 November 2025;BAGGY MOSSY;74; Rp100.000 ; Rp7.400.000 ;LUNAS;HECTIC STORE;;;;
275;Thursday, 20 November 2025;BOXY REALITY;63; Rp49.000 ; Rp3.087.000 ;LUNAS;HECTIC STORE;;;;
276;Thursday, 20 November 2025;BOXY LEOPARD;82; Rp49.000 ; Rp4.018.000 ;LUNAS;HECTIC STORE;;;;
277;Thursday, 20 November 2025;BOXY POLOS HITAM;70; Rp39.000 ; Rp2.730.000 ;LUNAS;HECTIC STORE;;;;
278;Thursday, 20 November 2025;BOXY BITCHIN;97; Rp49.000 ; Rp4.753.000 ;LUNAS;HECTIC STORE;;;;
279;Thursday, 20 November 2025;BOXY ANXIETY BLACK;54; Rp49.000 ; Rp2.646.000 ;LUNAS;HECTIC STORE;;;;
280;Thursday, 20 November 2025;KEMEJA LINEN REGULER;89; Rp60.000 ; Rp5.340.000 ;LUNAS;HECTIC STORE;;;;
281;Thursday, 20 November 2025;BOXY POLOS PUTIH;82; Rp39.000 ; Rp3.198.000 ;LUNAS;HECTIC STORE;;;;
282;Thursday, 20 November 2025;BOXY OPINION;89; Rp49.000 ; Rp4.361.000 ;LUNAS;HECTIC STORE;;;;
283;Thursday, 20 November 2025;BOXY LOCKED;97; Rp49.000 ; Rp4.753.000 ;LUNAS;HECTIC STORE;;;;
284;Thursday, 20 November 2025;BOXY FALLEN;45; Rp49.000 ; Rp2.205.000 ;LUNAS;HECTIC STORE;;;;
285;Thursday, 20 November 2025;KEMEJA LINEN HITAM;55; Rp60.000 ; Rp3.300.000 ;LUNAS;HECTIC STORE;;;;
286;Thursday, 20 November 2025;KEMEJA LINEN PUTIH;55; Rp60.000 ; Rp3.300.000 ;LUNAS;HECTIC STORE;;;;
287;Thursday, 20 November 2025;BOXY PUBLIC SPACE;76; Rp49.000 ; Rp3.724.000 ;LUNAS;HECTIC STORE;;;;
288;Thursday, 20 November 2025;BOXY SCORPIO GREY;79; Rp55.000 ; Rp4.345.000 ;LUNAS;HECTIC STORE;;;;
289;Sunday, 23 November 2025;BOXY RABBIT TEE;71; Rp49.000 ; Rp3.479.000 ;LUNAS;HECTIC STORE;;;;
290;Sunday, 23 November 2025;BOXY OVERSIZE CHARCOAL;78; Rp39.000 ; Rp3.042.000 ;LUNAS;HECTIC STORE;;;;
291;Sunday, 23 November 2025;BOXY AFTER TASTE;62; Rp49.000 ; Rp3.038.000 ;LUNAS;HECTIC STORE;;;;
292;Sunday, 23 November 2025;BOXY REALITY;67; Rp49.000 ; Rp3.283.000 ;LUNAS;HECTIC STORE;;;;
293;Sunday, 23 November 2025;BOXY LEOPARD;61; Rp49.000 ; Rp2.989.000 ;LUNAS;HECTIC STORE;;;;
294;Sunday, 23 November 2025;BOXY PARANOID;45; Rp49.000 ; Rp2.205.000 ;LUNAS;HECTIC STORE;;;;
295;Sunday, 23 November 2025;BOXY MONEY TALKS;53; Rp49.000 ; Rp2.597.000 ;LUNAS;HECTIC STORE;;;;
296;Sunday, 23 November 2025;BOXY SCORPIO GREY;85; Rp55.000 ; Rp4.675.000 ;LUNAS;HECTIC STORE;;;;
297;Sunday, 23 November 2025;BOXY LOVE;59; Rp49.000 ; Rp2.891.000 ;LUNAS;HECTIC STORE;;;;
298;Sunday, 23 November 2025;BOXY REBEL;53; Rp49.000 ; Rp2.597.000 ;LUNAS;HECTIC STORE;;;;
299;Sunday, 23 November 2025;BOXY ALWAYS;60; Rp49.000 ; Rp2.940.000 ;LUNAS;HECTIC STORE;;;;
300;Sunday, 23 November 2025;BOXY DREAMER;54; Rp49.000 ; Rp2.646.000 ;LUNAS;HECTIC STORE;;;;
301;Sunday, 23 November 2025;BAGGY MOSSY;48; Rp100.000 ; Rp4.800.000 ;LUNAS;HECTIC STORE;;;;
302;Sunday, 23 November 2025;SEPATU SANDAL;66; Rp105.000 ; Rp6.930.000 ;LUNAS;HECTIC STORE;;;;
303;Sunday, 23 November 2025;CARGO PANT CREAM;50; Rp65.000 ; Rp3.250.000 ;LUNAS;HECTIC STORE;;;;
304;Sunday, 23 November 2025;CARGO PANT GREEN;50; Rp65.000 ; Rp3.250.000 ;LUNAS;HECTIC STORE;;;;
305;Sunday, 23 November 2025;BOXY WHATEVER;35; Rp49.000 ; Rp1.715.000 ;LUNAS;HECTIC STORE;;;;
306;Sunday, 23 November 2025;BOXY REALITY;59; Rp49.000 ; Rp2.891.000 ;LUNAS;HECTIC STORE;;;;
307;Sunday, 23 November 2025;BOXY NEW LOGO;62; Rp49.000 ; Rp3.038.000 ;LUNAS;HECTIC STORE;;;;
308;Wednesday, 26 November 2025;BOXY ALWAYS;59; Rp49.000 ; Rp2.891.000 ;LUNAS;HECTIC STORE;;;;
309;Wednesday, 26 November 2025;BOXY NEW LOGO;58; Rp49.000 ; Rp2.842.000 ;LUNAS;HECTIC STORE;;;;
310;Wednesday, 26 November 2025;BOXY MONEY TALKS;58; Rp49.000 ; Rp2.842.000 ;LUNAS;HECTIC STORE;;;;
311;Wednesday, 26 November 2025;BOXY LOCKED;60; Rp49.000 ; Rp2.940.000 ;LUNAS;HECTIC STORE;;;;
312;Wednesday, 26 November 2025;BOXY AGAINST;59; Rp49.000 ; Rp2.891.000 ;LUNAS;HECTIC STORE;;;;
313;Wednesday, 26 November 2025;BOXY BROKEN WHITE;59; Rp49.000 ; Rp2.891.000 ;LUNAS;HECTIC STORE;;;;
314;Wednesday, 26 November 2025;BOXY FIELD;60; Rp49.000 ; Rp2.940.000 ;LUNAS;HECTIC STORE;;;;
315;Wednesday, 26 November 2025;BOXY FAKE FRIEND;60; Rp49.000 ; Rp2.940.000 ;LUNAS;HECTIC STORE;;;;
316;Wednesday, 26 November 2025;BOXY OPINION;88; Rp49.000 ; Rp4.312.000 ;LUNAS;HECTIC STORE;;;;
317;Wednesday, 26 November 2025;BOXY POLOS PUTIH;48; Rp39.000 ; Rp1.872.000 ;LUNAS;HECTIC STORE;;;;
318;Wednesday, 26 November 2025;CARGO PANT CREAM;25; Rp65.000 ; Rp1.625.000 ;LUNAS;HECTIC STORE;;;;
319;Wednesday, 26 November 2025;JERSEY ACADEMY;66; Rp55.000 ; Rp3.630.000 ;LUNAS;HECTIC STORE;;;;
320;Wednesday, 26 November 2025;JERSEY BLACK STAR;65; Rp55.000 ; Rp3.575.000 ;LUNAS;HECTIC STORE;;;;
321;Wednesday, 26 November 2025;JERSEY LEOPARD;79; Rp55.000 ; Rp4.345.000 ;LUNAS;HECTIC STORE;;;;
322;Wednesday, 26 November 2025;BOXY STREET BOYS;47; Rp49.000 ; Rp2.303.000 ;LUNAS;HECTIC STORE;;;;
323;Wednesday, 26 November 2025;BOXY LEOPARD;72; Rp49.000 ; Rp3.528.000 ;LUNAS;HECTIC STORE;;;;
324;Wednesday, 26 November 2025;BOXY ARCHIVE;78; Rp49.000 ; Rp3.822.000 ;LUNAS;HECTIC STORE;;;;
325;Wednesday, 26 November 2025;BOXY LOVE;41; Rp49.000 ; Rp2.009.000 ;LUNAS;HECTIC STORE;;;;
326;Wednesday, 26 November 2025;BASEBALL 77 BLACK;44; Rp60.000 ; Rp2.640.000 ;LUNAS;HECTIC STORE;;;;
327;Friday, 28 November 2025;BOXY BROKEN WHITE;30; Rp49.000 ; Rp1.470.000 ;LUNAS;HECTIC STORE;;;;
328;Friday, 28 November 2025;BOXY DISTORTED HITAM;60; Rp49.000 ; Rp2.940.000 ;LUNAS;HECTIC STORE;;;;
329;Friday, 28 November 2025;BOXY DISTORTED ABU;71; Rp49.000 ; Rp3.479.000 ;LUNAS;HECTIC STORE;;;;
330;Friday, 28 November 2025;BOXY ALWAYS;79; Rp49.000 ; Rp3.871.000 ;LUNAS;HECTIC STORE;;;;
331;Friday, 28 November 2025;BOXY OPINION;55; Rp49.000 ; Rp2.695.000 ;LUNAS;HECTIC STORE;;;;
332;Friday, 28 November 2025;CARGO PANT GREEN;62; Rp65.000 ; Rp4.030.000 ;LUNAS;HECTIC STORE;;;;
333;Friday, 28 November 2025;CARGO PANT CREAM;43; Rp65.000 ; Rp2.795.000 ;LUNAS;HECTIC STORE;;;;
334;Friday, 28 November 2025;BASEBALL 77 BLACK;52; Rp60.000 ; Rp3.120.000 ;LUNAS;HECTIC STORE;;;;
335;Friday, 28 November 2025;BASEBALL 77 BLUE TEAL;64; Rp60.000 ; Rp3.840.000 ;LUNAS;HECTIC STORE;;;;
336;Friday, 28 November 2025;OVERSIZE POLOS HITAM;63; Rp39.000 ; Rp2.457.000 ;LUNAS;HECTIC STORE;;;;
337;Friday, 28 November 2025;OVERSIZE POLOS PUTIH;74; Rp39.000 ; Rp2.886.000 ;LUNAS;HECTIC STORE;;;;
338;Friday, 28 November 2025;POLO SHIRT KNIT WHITE;75; Rp60.000 ; Rp4.500.000 ;LUNAS;HECTIC STORE;;;;
339;Friday, 28 November 2025;CARDIGAN CORSVIA RAJOET;60; Rp120.000 ; Rp7.200.000 ;LUNAS;HECTIC STORE;;;;
340;Friday, 28 November 2025;BOXY LEOPARD;75; Rp49.000 ; Rp3.675.000 ;LUNAS;HECTIC STORE;;;;
341;Friday, 28 November 2025;BOXY GRUNGE;64; Rp49.000 ; Rp3.136.000 ;LUNAS;HECTIC STORE;;;;
342;Friday, 28 November 2025;BOXY OPINION;83; Rp49.000 ; Rp4.067.000 ;LUNAS;HECTIC STORE;;;;
343;Tuesday, 02 December 2025;BOXY FAKE FRIEND;50; Rp49.000 ; Rp2.450.000 ;LUNAS;HECTIC STORE;;;;
344;Tuesday, 02 December 2025;BOXY POLOS HITAM;41; Rp39.000 ; Rp1.599.000 ;LUNAS;HECTIC STORE;;;;
345;Tuesday, 02 December 2025;BOXY UNDERDOG WHITE;58; Rp49.000 ; Rp2.842.000 ;LUNAS;HECTIC STORE;;;;
346;Tuesday, 02 December 2025;BOXY MIDNIGHT;35; Rp49.000 ; Rp1.715.000 ;LUNAS;HECTIC STORE;;;;
347;Tuesday, 02 December 2025;BOXY ANXIETY WHITE;35; Rp49.000 ; Rp1.715.000 ;LUNAS;HECTIC STORE;;;;
348;Tuesday, 02 December 2025;JERSEY GREEN FOREST;29; Rp55.000 ; Rp1.595.000 ;LUNAS;HECTIC STORE;;;;
349;Tuesday, 02 December 2025;JERSEY ACADEMY;27; Rp55.000 ; Rp1.485.000 ;LUNAS;HECTIC STORE;;;;
350;Tuesday, 02 December 2025;JERSEY BLACK STAR;29; Rp55.000 ; Rp1.595.000 ;LUNAS;HECTIC STORE;;;;
351;Tuesday, 02 December 2025;KEMEJA KRINKEL WHITE;27; Rp60.000 ; Rp1.620.000 ;LUNAS;HECTIC STORE;;;;
352;Tuesday, 02 December 2025;KEMEJA KRINKEL BLACK;24; Rp60.000 ; Rp1.440.000 ;LUNAS;HECTIC STORE;;;;
353;Tuesday, 02 December 2025;KEMEJA KRINKEL NAVY;30; Rp60.000 ; Rp1.800.000 ;LUNAS;HECTIC STORE;;;;
354;Tuesday, 02 December 2025;KEMEJA KRINKEL BROWN;32; Rp60.000 ; Rp1.920.000 ;LUNAS;HECTIC STORE;;;;
355;Tuesday, 02 December 2025;KEMEJA KNIT WHITE;50; Rp60.000 ; Rp3.000.000 ;LUNAS;HECTIC STORE;;;;
356;Tuesday, 02 December 2025;KEMEJA KNIT MAHOGANY;50; Rp60.000 ; Rp3.000.000 ;LUNAS;HECTIC STORE;;;;
357;Tuesday, 02 December 2025;SEPATU SANDAL;62; Rp105.000 ; Rp6.510.000 ;LUNAS;HECTIC STORE;;;;
358;Tuesday, 02 December 2025;BAGGY MOSSY;43; Rp100.000 ; Rp4.300.000 ;LUNAS;HECTIC STORE;;;;
359;Saturday, 06 December 2025;BOXY MONEY TALKS;65; Rp49.000 ; Rp3.185.000 ;LUNAS;HECTIC STORE;;;;
360;Saturday, 06 December 2025;BOXY FAKE FRIEND;63; Rp49.000 ; Rp3.087.000 ;LUNAS;HECTIC STORE;;;;
361;Saturday, 06 December 2025;BOXY ALWAYS;69; Rp49.000 ; Rp3.381.000 ;LUNAS;HECTIC STORE;;;;
362;Saturday, 06 December 2025;BOXY REALITY;64; Rp49.000 ; Rp3.136.000 ;LUNAS;HECTIC STORE;;;;
363;Saturday, 06 December 2025;BOXY LEOPARD;54; Rp49.000 ; Rp2.646.000 ;LUNAS;HECTIC STORE;;;;
364;Saturday, 06 December 2025;BOXY BITCHIN;52; Rp49.000 ; Rp2.548.000 ;LUNAS;HECTIC STORE;;;;
365;Saturday, 06 December 2025;BOXY OVERSIZE MAROON;53; Rp39.000 ; Rp2.067.000 ;LUNAS;HECTIC STORE;;;;
366;Saturday, 06 December 2025;BOXY CHROME;35; Rp49.000 ; Rp1.715.000 ;LUNAS;HECTIC STORE;;;;
367;Saturday, 06 December 2025;BOXY OVERSIZE CHARCOAL;36; Rp39.000 ; Rp1.404.000 ;LUNAS;HECTIC STORE;;;;
368;Saturday, 06 December 2025;BOXY RABBIT TEE;38; Rp49.000 ; Rp1.862.000 ;LUNAS;HECTIC STORE;;;;
369;Saturday, 06 December 2025;BOXY POLOS HITAM;46; Rp39.000 ; Rp1.794.000 ;LUNAS;HECTIC STORE;;;;
370;Saturday, 06 December 2025;BOXY POLOS PUTIH;55; Rp39.000 ; Rp2.145.000 ;LUNAS;HECTIC STORE;;;;
371;Saturday, 06 December 2025;KEMEJA LINEN REGULER;60; Rp45.000 ; Rp2.700.000 ;LUNAS;HECTIC STORE;;;;
372;Saturday, 06 December 2025;KEMEJA KRINKEL WHITE;67; Rp60.000 ; Rp4.020.000 ;LUNAS;HECTIC STORE;;;;
373;Saturday, 06 December 2025;KEMEJA KRINKEL BLACK;60; Rp60.000 ; Rp3.600.000 ;LUNAS;HECTIC STORE;;;;
374;Wednesday, 10 December 2025;KEMEJA KRINKEL NAVY;50; Rp60.000 ; Rp3.000.000 ;LUNAS;HECTIC STORE;;;;
375;Wednesday, 10 December 2025;KEMEJA KRINKEL BROWN;50; Rp60.000 ; Rp3.000.000 ;LUNAS;HECTIC STORE;;;;
376;Wednesday, 10 December 2025;BOXY ABSTRACT;39; Rp49.000 ; Rp1.911.000 ;LUNAS;HECTIC STORE;;;;
377;Wednesday, 10 December 2025;BOXY LEOPARD;85; Rp49.000 ; Rp4.165.000 ;LUNAS;HECTIC STORE;;;;
378;Wednesday, 10 December 2025;BOXY WHATEVER;65; Rp49.000 ; Rp3.185.000 ;LUNAS;HECTIC STORE;;;;
379;Wednesday, 10 December 2025;BOXY OPINION;87; Rp49.000 ; Rp4.263.000 ;LUNAS;HECTIC STORE;;;;
380;Wednesday, 10 December 2025;BOXY FAKE FRIEND;34; Rp49.000 ; Rp1.666.000 ;LUNAS;HECTIC STORE;;;;
381;Wednesday, 10 December 2025;BOXY POLOS HITAM;63; Rp39.000 ; Rp2.457.000 ;LUNAS;HECTIC STORE;;;;
382;Wednesday, 10 December 2025;BOXY POLOS PUTIH;44; Rp39.000 ; Rp1.716.000 ;LUNAS;HECTIC STORE;;;;
383;Wednesday, 10 December 2025;OVERSIZE POLOS PUTIH;80; Rp39.000 ; Rp3.120.000 ;LUNAS;HECTIC STORE;;;;
384;Wednesday, 10 December 2025;OVERSIZE POLOS HITAM;59; Rp39.000 ; Rp2.301.000 ;LUNAS;HECTIC STORE;;;;
385;Wednesday, 10 December 2025;CARDIGAN CORSVIA RAJOET;50; Rp120.000 ; Rp6.000.000 ;LUNAS;HECTIC STORE;;;;
386;Wednesday, 10 December 2025;KEMEJA KNIT MAHOGANY;30; Rp60.000 ; Rp1.800.000 ;LUNAS;HECTIC STORE;;;;
387;Sunday, 14 December 2025;KEMEJA KNIT WHITE;32; Rp60.000 ; Rp1.920.000 ;LUNAS;HECTIC STORE;;;;
388;Sunday, 14 December 2025;KEMEJA KRINKEL WHITE;65; Rp60.000 ; Rp3.900.000 ;LUNAS;HECTIC STORE;;;;
389;Sunday, 14 December 2025;KEMEJA KRINKEL NAVY;52; Rp60.000 ; Rp3.120.000 ;LUNAS;HECTIC STORE;;;;
390;Sunday, 14 December 2025;KEMEJA KRINKEL RED;39; Rp60.000 ; Rp2.340.000 ;LUNAS;HECTIC STORE;;;;
391;Sunday, 14 December 2025;POLO SHIRT KNIT WHITE;47; Rp60.000 ; Rp2.820.000 ;LUNAS;HECTIC STORE;;;;
392;Sunday, 14 December 2025;BOXY OPINION;75; Rp49.000 ; Rp3.675.000 ;LUNAS;HECTIC STORE;;;;
393;Sunday, 14 December 2025;KEMEJA LINEN REGULER;65; Rp60.000 ; Rp3.900.000 ;LUNAS;HECTIC STORE;;;;
394;Sunday, 14 December 2025;BOXY CAMEL;35; Rp49.000 ; Rp1.715.000 ;LUNAS;HECTIC STORE;;;;
395;Sunday, 14 December 2025;BOXY ARCHIVE;62; Rp49.000 ; Rp3.038.000 ;LUNAS;HECTIC STORE;;;;
396;Sunday, 14 December 2025;BOXY LEOPARD;66; Rp49.000 ; Rp3.234.000 ;LUNAS;HECTIC STORE;;;;
397;Sunday, 14 December 2025;BOXY FAKE FRIEND;42; Rp49.000 ; Rp2.058.000 ;LUNAS;HECTIC STORE;;;;
398;Sunday, 14 December 2025;BOXY WHATEVER;21; Rp49.000 ; Rp1.029.000 ;LUNAS;HECTIC STORE;;;;
399;Sunday, 14 December 2025;CARDIGAN CORSVIA RAJOET;84; Rp120.000 ; Rp10.080.000 ;LUNAS;HECTIC STORE;;;;
400;Sunday, 14 December 2025;SEPATU SANDAL;62; Rp105.000 ; Rp6.510.000 ;LUNAS;HECTIC STORE;;;;
401;Sunday, 14 December 2025;SHORT PANT ABU;64; Rp40.000 ; Rp2.560.000 ;LUNAS;HECTIC STORE;;;;
402;Sunday, 14 December 2025;SHORT PANT HITAM;43; Rp40.000 ; Rp1.720.000 ;LUNAS;HECTIC STORE;;;;
403;Wednesday, 17 December 2025;CARGO PANT CREAM;50; Rp65.000 ; Rp3.250.000 ;LUNAS;HECTIC STORE;;;;
404;Wednesday, 17 December 2025;CARGO PANT GREEN;52; Rp65.000 ; Rp3.380.000 ;LUNAS;HECTIC STORE;;;;
405;Wednesday, 17 December 2025;OVERSIZE POLOS HITAM;59; Rp39.000 ; Rp2.301.000 ;LUNAS;HECTIC STORE;;;;
406;Wednesday, 17 December 2025;CARDIGAN CORSVIA RAJOET;25; Rp120.000 ; Rp3.000.000 ;LUNAS;HECTIC STORE;;;;
407;Wednesday, 17 December 2025;JERSEY ACADEMY;62; Rp55.000 ; Rp3.410.000 ;LUNAS;HECTIC STORE;;;;
408;Wednesday, 17 December 2025;JERSEY BLACK STAR;41; Rp55.000 ; Rp2.255.000 ;LUNAS;HECTIC STORE;;;;
409;Wednesday, 17 December 2025;KEMEJA KRINKEL RED;42; Rp60.000 ; Rp2.520.000 ;LUNAS;HECTIC STORE;;;;
410;Wednesday, 17 December 2025;BAGGY MOSSY;55; Rp100.000 ; Rp5.500.000 ;LUNAS;HECTIC STORE;;;;
411;Wednesday, 17 December 2025;BOXY CHROME;36; Rp49.000 ; Rp1.764.000 ;LUNAS;HECTIC STORE;;;;
412;Wednesday, 17 December 2025;BOXY CYAN LOVE;35; Rp49.000 ; Rp1.715.000 ;LUNAS;HECTIC STORE;;;;
413;Wednesday, 17 December 2025;BOXY FALLEN;36; Rp49.000 ; Rp1.764.000 ;LUNAS;HECTIC STORE;;;;
414;Wednesday, 17 December 2025;BOXY AFTER TASTE;36; Rp49.000 ; Rp1.764.000 ;LUNAS;HECTIC STORE;;;;
415;Wednesday, 17 December 2025;BOXY CHERRY KISS;36; Rp49.000 ; Rp1.764.000 ;LUNAS;HECTIC STORE;;;;
416;Wednesday, 17 December 2025;BOXY RABBIT TEE;36; Rp49.000 ; Rp1.764.000 ;LUNAS;HECTIC STORE;;;;
417;Wednesday, 17 December 2025;BOXY BIRD;36; Rp49.000 ; Rp1.764.000 ;LUNAS;HECTIC STORE;;;;
418;Wednesday, 17 December 2025;BOXY DEADLY;36; Rp49.000 ; Rp1.764.000 ;LUNAS;HECTIC STORE;;;;
419;Friday, 19 December 2025;JERSEY LEOPARD;46; Rp55.000 ; Rp2.530.000 ;LUNAS;HECTIC STORE;;;;
420;Friday, 19 December 2025;JERSEY GREEN FOREST;30; Rp55.000 ; Rp1.650.000 ;LUNAS;HECTIC STORE;;;;
421;Friday, 19 December 2025;JERSEY ACADEMY;29; Rp55.000 ; Rp1.595.000 ;LUNAS;HECTIC STORE;;;;
422;Friday, 19 December 2025;JERSEY BLACK STAR;30; Rp55.000 ; Rp1.650.000 ;LUNAS;HECTIC STORE;;;;
423;Friday, 19 December 2025;BOXY PAINT BLACK;35; Rp49.000 ; Rp1.715.000 ;LUNAS;HECTIC STORE;;;;
424;Friday, 19 December 2025;BOXY WHATEVER;96; Rp49.000 ; Rp4.704.000 ;LUNAS;HECTIC STORE;;;;
425;Friday, 19 December 2025;BOXY MY STAR;90; Rp49.000 ; Rp4.410.000 ;LUNAS;HECTIC STORE;;;;
426;Friday, 19 December 2025;BOXY STREET BOYS;95; Rp49.000 ; Rp4.655.000 ;LUNAS;HECTIC STORE;;;;
427;Friday, 19 December 2025;BOXY MANUFACT;36; Rp49.000 ; Rp1.764.000 ;LUNAS;HECTIC STORE;;;;
428;Friday, 19 December 2025;BOXY BITCHIN;96; Rp49.000 ; Rp4.704.000 ;LUNAS;HECTIC STORE;;;;
429;Friday, 19 December 2025;BOXY LEOPARD;98; Rp49.000 ; Rp4.802.000 ;LUNAS;HECTIC STORE;;;;
430;Friday, 19 December 2025;BOXY POLOS HITAM;64; Rp39.000 ; Rp2.496.000 ;LUNAS;HECTIC STORE;;;;
431;Friday, 19 December 2025;BOXY POLOS PUTIH;52; Rp39.000 ; Rp2.028.000 ;LUNAS;HECTIC STORE;;;;
432;Friday, 19 December 2025;SEPATU SANDAL;84; Rp105.000 ; Rp8.820.000 ;LUNAS;HECTIC STORE;;;;
433;Friday, 19 December 2025;OVERSIZE HIJAU BOTOL;87; Rp39.000 ; Rp3.393.000 ;LUNAS;HECTIC STORE;;;;
434;Friday, 19 December 2025;OVERSIZE TERRA COTTA;64; Rp39.000 ; Rp2.496.000 ;LUNAS;HECTIC STORE;;;;
435;Friday, 19 December 2025;OVERSIZE HIJAU LIME;87; Rp39.000 ; Rp3.393.000 ;LUNAS;HECTIC STORE;;;;
436;Monday, 22 December 2025;OVERSIZE SAGE;82; Rp39.000 ; Rp3.198.000 ;LUNAS;HECTIC STORE;;;;
437;Monday, 22 December 2025;OVERSIZE CREAMBERRY;93; Rp39.000 ; Rp3.627.000 ;LUNAS;HECTIC STORE;;;;
438;Monday, 22 December 2025;OVERSIZE STILL GREY;93; Rp39.000 ; Rp3.627.000 ;LUNAS;HECTIC STORE;;;;
439;Monday, 22 December 2025;OVERSIZE BEIGE;90; Rp39.000 ; Rp3.510.000 ;LUNAS;HECTIC STORE;;;;
440;Monday, 22 December 2025;OVERSIZE DUSTY PINK;88; Rp39.000 ; Rp3.432.000 ;LUNAS;HECTIC STORE;;;;
441;Monday, 22 December 2025;OVERSIZE DARK BROWN;22; Rp39.000 ; Rp858.000 ;LUNAS;HECTIC STORE;;;;
442;Monday, 22 December 2025;OVERSIZE MUSTARD;84; Rp39.000 ; Rp3.276.000 ;LUNAS;HECTIC STORE;;;;
443;Monday, 22 December 2025;OVERSIZE STILL BLUE;34; Rp39.000 ; Rp1.326.000 ;LUNAS;HECTIC STORE;;;;
444;Monday, 22 December 2025;OVERSIZE LILAC;89; Rp39.000 ; Rp3.471.000 ;LUNAS;HECTIC STORE;;;;
445;Monday, 22 December 2025;BOXY SCORPIO WHITE;35; Rp55.000 ; Rp1.925.000 ;LUNAS;HECTIC STORE;;;;
446;Monday, 22 December 2025;BOXY SCORPIO GREY;36; Rp55.000 ; Rp1.980.000 ;LUNAS;HECTIC STORE;;;;
447;Monday, 22 December 2025;BOXY SCORPIO RED;36; Rp55.000 ; Rp1.980.000 ;LUNAS;HECTIC STORE;;;;
448;Monday, 22 December 2025;BOXY MOURN;36; Rp49.000 ; Rp1.764.000 ;LUNAS;HECTIC STORE;;;;
449;Monday, 22 December 2025;BOXY GEOLAPS;36; Rp49.000 ; Rp1.764.000 ;LUNAS;HECTIC STORE;;;;
450;Monday, 22 December 2025;BOXY OVERSIZE ARMY;36; Rp39.000 ; Rp1.404.000 ;LUNAS;HECTIC STORE;;;;
451;Monday, 22 December 2025;BOXY VOID;36; Rp49.000 ; Rp1.764.000 ;LUNAS;HECTIC STORE;;;;
452;Monday, 22 December 2025;BOXY THE GIFT;36; Rp49.000 ; Rp1.764.000 ;LUNAS;HECTIC STORE;;;;
453;Thursday, 25 December 2025;BOXY PAINT BROWN;36; Rp49.000 ; Rp1.764.000 ;LUNAS;HECTIC STORE;;;;
454;Thursday, 25 December 2025;BOXY ICON;36; Rp49.000 ; Rp1.764.000 ;LUNAS;HECTIC STORE;;;;
455;Thursday, 25 December 2025;BOXY PUBLIC SPACE;36; Rp49.000 ; Rp1.764.000 ;LUNAS;HECTIC STORE;;;;
456;Thursday, 25 December 2025;BOXY LOVED;36; Rp49.000 ; Rp1.764.000 ;LUNAS;HECTIC STORE;;;;
457;Thursday, 25 December 2025;BASEBALL 77 BLUE TEAL;62; Rp60.000 ; Rp3.720.000 ;LUNAS;HECTIC STORE;;;;
458;Thursday, 25 December 2025;BASEBALL 77 BLACK;61; Rp60.000 ; Rp3.660.000 ;LUNAS;HECTIC STORE;;;;
459;Thursday, 25 December 2025;BOXY BUTTERFLY;36; Rp49.000 ; Rp1.764.000 ;LUNAS;HECTIC STORE;;;;
460;Thursday, 25 December 2025;BOXY PATIENCE;36; Rp49.000 ; Rp1.764.000 ;LUNAS;HECTIC STORE;;;;
461;Thursday, 25 December 2025;BOXY PURPLE;59; Rp49.000 ; Rp2.891.000 ;LUNAS;HECTIC STORE;;;;
462;Thursday, 25 December 2025;BOXY WASHED BLACK;60; Rp49.000 ; Rp2.940.000 ;LUNAS;HECTIC STORE;;;;
463;Thursday, 25 December 2025;BOXY LEOPARD;66; Rp49.000 ; Rp3.234.000 ;LUNAS;HECTIC STORE;;;;
464;Thursday, 25 December 2025;JERSEY LEOPARD;69; Rp55.000 ; Rp3.795.000 ;LUNAS;HECTIC STORE;;;;
465;Thursday, 25 December 2025;BAGGY MOSSY;22; Rp100.000 ; Rp2.200.000 ;LUNAS;HECTIC STORE;;;;
466;Thursday, 25 December 2025;SEPATU SANDAL;75; Rp105.000 ; Rp7.875.000 ;LUNAS;HECTIC STORE;;;;
467;Thursday, 25 December 2025;BOXY LOVED RIB WHITE;36; Rp49.000 ; Rp1.764.000 ;LUNAS;HECTIC STORE;;;;
468;Thursday, 25 December 2025;KEMEJA KRINKEL NAVY;66; Rp60.000 ; Rp3.960.000 ;LUNAS;HECTIC STORE;;;;
469;Thursday, 25 December 2025;KEMEJA KRINKEL RED;66; Rp60.000 ; Rp3.960.000 ;LUNAS;HECTIC STORE;;;;
470;Thursday, 25 December 2025;POLO SHIRT KNIT WHITE;72; Rp60.000 ; Rp4.320.000 ;LUNAS;HECTIC STORE;;;;
471;Thursday, 25 December 2025;CARDIGAN CORSVIA RAJOET;50; Rp120.000 ; Rp6.000.000 ;LUNAS;HECTIC STORE;;;;
472;Sunday, 28 December 2025;JERSEY ACADEMY;69; Rp55.000 ; Rp3.795.000 ;LUNAS;HECTIC STORE;;;;
473;Sunday, 28 December 2025;JERSEY BLACK STAR;65; Rp55.000 ; Rp3.575.000 ;LUNAS;HECTIC STORE;;;;
474;Sunday, 28 December 2025;JERSEY LEOPARD;66; Rp55.000 ; Rp3.630.000 ;LUNAS;HECTIC STORE;;;;
475;Sunday, 28 December 2025;OVERSIZE POLOS DUSTY VIOLET;90; Rp39.000 ; Rp3.510.000 ;LUNAS;HECTIC STORE;;;;
476;Sunday, 28 December 2025;BOXY POLOS HIJAU;63; Rp39.000 ; Rp2.457.000 ;LUNAS;HECTIC STORE;;;;
477;Sunday, 28 December 2025;BOXY BITCHIN;92; Rp49.000 ; Rp4.508.000 ;LUNAS;HECTIC STORE;;;;
478;Sunday, 28 December 2025;BOXY LEOPARD;37; Rp49.000 ; Rp1.813.000 ;LUNAS;HECTIC STORE;;;;
479;Sunday, 28 December 2025;BOXY GRUNGE;47; Rp49.000 ; Rp2.303.000 ;LUNAS;HECTIC STORE;;;;
480;Sunday, 28 December 2025;BOXY POLOS MERAH;98; Rp39.000 ; Rp3.822.000 ;LUNAS;HECTIC STORE;;;;
481;Sunday, 28 December 2025;BOXY LOVE TEE;34; Rp49.000 ; Rp1.666.000 ;LUNAS;HECTIC STORE;;;;
482;Sunday, 28 December 2025;BAGGY MOSSY;65; Rp100.000 ; Rp6.500.000 ;LUNAS;HECTIC STORE;;;;
483;Sunday, 28 December 2025;BOXY CAMEL;47; Rp49.000 ; Rp2.303.000 ;LUNAS;HECTIC STORE;;;;
484;Sunday, 28 December 2025;BOXY SUNSET;55; Rp55.000 ; Rp3.025.000 ;LUNAS;HECTIC STORE;;;;
485;Sunday, 28 December 2025;BOXY SAINT CLUB;71; Rp49.000 ; Rp3.479.000 ;LUNAS;HECTIC STORE;;;;
486;Sunday, 28 December 2025;BOXY DISTORTED;35; Rp49.000 ; Rp1.715.000 ;LUNAS;HECTIC STORE;;;;
487;Sunday, 28 December 2025;POLO SHIRT KNIT WHITE;46; Rp60.000 ; Rp2.760.000 ;LUNAS;HECTIC STORE;;;;
488;Sunday, 28 December 2025;BOXY DUCK TAPE;47; Rp49.000 ; Rp2.303.000 ;LUNAS;HECTIC STORE;;;;
489;Sunday, 28 December 2025;BOXY GEOLAPS;96; Rp49.000 ; Rp4.704.000 ;LUNAS;HECTIC STORE;;;;
490;Tuesday, 30 December 2025;BOXY PATIENCE;79; Rp49.000 ; Rp3.871.000 ;LUNAS;HECTIC STORE;;;;
491;Tuesday, 30 December 2025;BOXY PURPLE;68; Rp49.000 ; Rp3.332.000 ;LUNAS;HECTIC STORE;;;;
492;Tuesday, 30 December 2025;BOXY WASHED BLACK;43; Rp49.000 ; Rp2.107.000 ;LUNAS;HECTIC STORE;;;;
493;Tuesday, 30 December 2025;CARDIGAN CORSVIA RAJOET;58; Rp120.000 ; Rp6.960.000 ;LUNAS;HECTIC STORE;;;;
494;Tuesday, 30 December 2025;BOXY DEADLY;54; Rp49.000 ; Rp2.646.000 ;LUNAS;HECTIC STORE;;;;
495;Tuesday, 30 December 2025;BOXY FAKE FRIEND;52; Rp49.000 ; Rp2.548.000 ;LUNAS;HECTIC STORE;;;;
496;Tuesday, 30 December 2025;BOXY DUCK TAPE;54; Rp49.000 ; Rp2.646.000 ;LUNAS;HECTIC STORE;;;;
497;Tuesday, 30 December 2025;BOXY POLOS HITAM;82; Rp39.000 ; Rp3.198.000 ;LUNAS;HECTIC STORE;;;;
498;Tuesday, 30 December 2025;BOXY SUNSET;75; Rp55.000 ; Rp4.125.000 ;LUNAS;HECTIC STORE;;;;
499;Tuesday, 30 December 2025;BAGGY MOSSY;91; Rp100.000 ; Rp9.100.000 ;LUNAS;HECTIC STORE;;;;
500;Tuesday, 30 December 2025;BOXY LEOPARD;36; Rp49.000 ; Rp1.764.000 ;LUNAS;HECTIC STORE;;;;
501;Tuesday, 30 December 2025;BOXY MOURN;79; Rp49.000 ; Rp3.871.000 ;LUNAS;HECTIC STORE;;;;
502;Tuesday, 30 December 2025;BOXY LEOPARD;69; Rp49.000 ; Rp3.381.000 ;LUNAS;HECTIC STORE;;;;
503;Tuesday, 30 December 2025;BOXY OVERSIZE ARMY;58; Rp39.000 ; Rp2.262.000 ;LUNAS;HECTIC STORE;;;;
504;Tuesday, 30 December 2025;BOXY VOID;42; Rp49.000 ; Rp2.058.000 ;LUNAS;HECTIC STORE;;;;
505;Tuesday, 30 December 2025;BOXY THE GIFT;57; Rp49.000 ; Rp2.793.000 ;LUNAS;HECTIC STORE;;;;
506;Tuesday, 30 December 2025;SEPATU SANDAL;52; Rp105.000 ; Rp5.460.000 ;LUNAS;HECTIC STORE;;;;
507;Tuesday, 30 December 2025;BOXY AFTER TASTE;57; Rp49.000 ; Rp2.793.000 ;LUNAS;HECTIC STORE;;;;
508;Tuesday, 30 December 2025;BOXY CHERRY KISS;68; Rp49.000 ; Rp3.332.000 ;LUNAS;HECTIC STORE;;;;
509;Tuesday, 30 December 2025;BOXY RABBIT TEE;70; Rp49.000 ; Rp3.430.000 ;LUNAS;HECTIC STORE;;;;
510;Tuesday, 30 December 2025;BOXY BIRD;79; Rp49.000 ; Rp3.871.000 ;LUNAS;HECTIC STORE;;;;
511;Tuesday, 30 December 2025;CELANA SWEATPANT HITAM;64; Rp65.000 ; Rp4.160.000 ;LUNAS;HECTIC STORE;;;;
512;Tuesday, 30 December 2025;OVERSIZE CREAMBERRY;71; Rp39.000 ; Rp2.769.000 ;LUNAS;HECTIC STORE;;;;
513;Sunday, 04 January 2026;OVERSIZE STILL GREY;71; Rp39.000 ; Rp2.769.000 ;LUNAS;HECTIC STORE;;;;
514;Sunday, 04 January 2026;OVERSIZE BEIGE;71; Rp39.000 ; Rp2.769.000 ;LUNAS;HECTIC STORE;;;;
515;Sunday, 04 January 2026;OVERSIZE DUSTY PINK;75; Rp39.000 ; Rp2.925.000 ;LUNAS;HECTIC STORE;;;;
516;Sunday, 04 January 2026;OVERSIZE DARK BROWN;79; Rp39.000 ; Rp3.081.000 ;LUNAS;HECTIC STORE;;;;
517;Sunday, 04 January 2026;BOXY LEOPARD;79; Rp49.000 ; Rp3.871.000 ;LUNAS;HECTIC STORE;;;;
518;Sunday, 04 January 2026;BOXY GRUNGE;79; Rp49.000 ; Rp3.871.000 ;LUNAS;HECTIC STORE;;;;
519;Sunday, 04 January 2026;BOXY OPINION;79; Rp49.000 ; Rp3.871.000 ;LUNAS;HECTIC STORE;;;;
520;Sunday, 04 January 2026;BOXY FAKE FRIEND;75; Rp49.000 ; Rp3.675.000 ;LUNAS;HECTIC STORE;;;;
521;Sunday, 04 January 2026;BOXY POLOS HITAM;75; Rp39.000 ; Rp2.925.000 ;LUNAS;HECTIC STORE;;;;
522;Sunday, 04 January 2026;BOXY UNDERDOG WHITE;72; Rp49.000 ; Rp3.528.000 ;LUNAS;HECTIC STORE;;;;
523;Sunday, 04 January 2026;BOXY MIDNIGHT;72; Rp49.000 ; Rp3.528.000 ;LUNAS;HECTIC STORE;;;;
524;Sunday, 04 January 2026;BOXY ANXIETY WHITE;66; Rp49.000 ; Rp3.234.000 ;LUNAS;HECTIC STORE;;;;
525;Sunday, 04 January 2026;BOXY MONEY TALKS;69; Rp49.000 ; Rp3.381.000 ;LUNAS;HECTIC STORE;;;;
526;Sunday, 04 January 2026;JERSEY GREEN FOREST;63; Rp55.000 ; Rp3.465.000 ;LUNAS;HECTIC STORE;;;;
527;Sunday, 04 January 2026;BOXY ALWAYS;64; Rp49.000 ; Rp3.136.000 ;LUNAS;HECTIC STORE;;;;
528;Sunday, 04 January 2026;BOXY REALITY;60; Rp49.000 ; Rp2.940.000 ;LUNAS;HECTIC STORE;;;;
529;Sunday, 04 January 2026;KEMEJA KRINKEL WHITE;48; Rp60.000 ; Rp2.880.000 ;LUNAS;HECTIC STORE;;;;
530;Wednesday, 07 January 2026;KEMEJA KRINKEL BLACK;48; Rp60.000 ; Rp2.880.000 ;LUNAS;HECTIC STORE;;;;
531;Wednesday, 07 January 2026;KEMEJA KRINKEL NAVY;52; Rp60.000 ; Rp3.120.000 ;LUNAS;HECTIC STORE;;;;
532;Wednesday, 07 January 2026;KEMEJA KRINKEL BROWN;59; Rp60.000 ; Rp3.540.000 ;LUNAS;HECTIC STORE;;;;
533;Wednesday, 07 January 2026;BOXY FAKE FRIEND;57; Rp49.000 ; Rp2.793.000 ;LUNAS;HECTIC STORE;;;;
534;Wednesday, 07 January 2026;JERSEY ACADEMY;32; Rp55.000 ; Rp1.760.000 ;LUNAS;HECTIC STORE;;;;
535;Wednesday, 07 January 2026;JERSEY BLACK STAR;36; Rp55.000 ; Rp1.980.000 ;LUNAS;HECTIC STORE;;;;
536;Wednesday, 07 January 2026;CARGO PANT GREEN;30; Rp65.000 ; Rp1.950.000 ;LUNAS;HECTIC STORE;;;;
537;Wednesday, 07 January 2026;CARGO PANT CREAM;77; Rp65.000 ; Rp5.005.000 ;LUNAS;HECTIC STORE;;;;
538;Wednesday, 07 January 2026;BASEBALL 77 BLACK;58; Rp60.000 ; Rp3.480.000 ;LUNAS;HECTIC STORE;;;;
539;Wednesday, 07 January 2026;BASEBALL 77 BLUE TEAL;58; Rp60.000 ; Rp3.480.000 ;LUNAS;HECTIC STORE;;;;
540;Wednesday, 07 January 2026;OVERSIZE POLOS HITAM;65; Rp39.000 ; Rp2.535.000 ;LUNAS;HECTIC STORE;;;;
541;Wednesday, 07 January 2026;OVERSIZE POLOS PUTIH;65; Rp39.000 ; Rp2.535.000 ;LUNAS;HECTIC STORE;;;;
542;Wednesday, 07 January 2026;BOXY CHROME;45; Rp49.000 ; Rp2.205.000 ;LUNAS;HECTIC STORE;;;;
543;Wednesday, 07 January 2026;BOXY CYAN LOVE;62; Rp49.000 ; Rp3.038.000 ;LUNAS;HECTIC STORE;;;;
544;Wednesday, 07 January 2026;BOXY FALLEN;75; Rp49.000 ; Rp3.675.000 ;LUNAS;HECTIC STORE;;;;
545;Wednesday, 07 January 2026;BOXY AFTER TASTE;79; Rp49.000 ; Rp3.871.000 ;LUNAS;HECTIC STORE;;;;
546;Wednesday, 07 January 2026;BOXY CHERRY KISS;79; Rp49.000 ; Rp3.871.000 ;LUNAS;HECTIC STORE;;;;
547;Wednesday, 07 January 2026;BOXY RABBIT TEE;79; Rp49.000 ; Rp3.871.000 ;LUNAS;HECTIC STORE;;;;
548;Wednesday, 07 January 2026;BOXY BIRD;79; Rp49.000 ; Rp3.871.000 ;LUNAS;HECTIC STORE;;;;
549;Monday, 12 January 2026;BOXY DEADLY;55; Rp49.000 ; Rp2.695.000 ;LUNAS;HECTIC STORE;;;;
550;Monday, 12 January 2026;BOXY LOVE;36; Rp49.000 ; Rp1.764.000 ;LUNAS;HECTIC STORE;;;;
551;Monday, 12 January 2026;BOXY BROKEN WHITE;34; Rp49.000 ; Rp1.666.000 ;LUNAS;HECTIC STORE;;;;
552;Monday, 12 January 2026;KEMEJA KRINKEL RED;60; Rp60.000 ; Rp3.600.000 ;LUNAS;HECTIC STORE;;;;
553;Monday, 12 January 2026;KEMEJA KRINKEL WHITE;60; Rp60.000 ; Rp3.600.000 ;LUNAS;HECTIC STORE;;;;
554;Monday, 12 January 2026;OVERSIZE POLOS HITAM;86; Rp39.000 ; Rp3.354.000 ;LUNAS;HECTIC STORE;;;;
555;Monday, 12 January 2026;OVERSIZE POLOS PUTIH;83; Rp39.000 ; Rp3.237.000 ;LUNAS;HECTIC STORE;;;;
556;Monday, 12 January 2026;KEMEJA LINEN HITAM;49; Rp60.000 ; Rp2.940.000 ;LUNAS;HECTIC STORE;;;;
557;Monday, 12 January 2026;KEMEJA LINEN PUTIH;35; Rp60.000 ; Rp2.100.000 ;LUNAS;HECTIC STORE;;;;
558;Monday, 12 January 2026;CARGO PANT CREAM;79; Rp65.000 ; Rp5.135.000 ;LUNAS;HECTIC STORE;;;;
559;Monday, 12 January 2026;KEMEJA LINEN REGULER;92; Rp60.000 ; Rp5.520.000 ;LUNAS;HECTIC STORE;;;;
560;Monday, 12 January 2026;BOXY SUNSET;94; Rp55.000 ; Rp5.170.000 ;LUNAS;HECTIC STORE;;;;
561;Monday, 12 January 2026;BOXY NOSTALGIA;90; Rp49.000 ; Rp4.410.000 ;LUNAS;HECTIC STORE;;;;
562;Monday, 12 January 2026;CARDIGAN CORSVIA RAJOET;51; Rp120.000 ; Rp6.120.000 ;LUNAS;HECTIC STORE;;;;
563;Monday, 12 January 2026;BOXY ABSTRACT;51; Rp49.000 ; Rp2.499.000 ;LUNAS;HECTIC STORE;;;;
564;Monday, 12 January 2026;SEPATU SANDAL;45; Rp105.000 ; Rp4.725.000 ;LUNAS;HECTIC STORE;;;;
565;Monday, 12 January 2026;BOXY SCORPIO GREY;35; Rp55.000 ; Rp1.925.000 ;LUNAS;HECTIC STORE;;;;
566;Monday, 12 January 2026;BOXY SCORPIO WHITE;35; Rp55.000 ; Rp1.925.000 ;LUNAS;HECTIC STORE;;;;
567;Wednesday, 14 January 2026;BOXY VOID;30; Rp49.000 ; Rp1.470.000 ;LUNAS;HECTIC STORE;;;;
568;Wednesday, 14 January 2026;BOXY WHATEVER;36; Rp49.000 ; Rp1.764.000 ;LUNAS;HECTIC STORE;;;;
569;Wednesday, 14 January 2026;BOXY MOURN;36; Rp49.000 ; Rp1.764.000 ;LUNAS;HECTIC STORE;;;;
570;Wednesday, 14 January 2026;BOXY MONEY TALKS;38; Rp49.000 ; Rp1.862.000 ;LUNAS;HECTIC STORE;;;;
571;Wednesday, 14 January 2026;BOXY NEW LOGO;31; Rp49.000 ; Rp1.519.000 ;LUNAS;HECTIC STORE;;;;
572;Wednesday, 14 January 2026;BOXY POLOS PUTIH;35; Rp39.000 ; Rp1.365.000 ;LUNAS;HECTIC STORE;;;;
573;Wednesday, 14 January 2026;KEMEJA LINEN KRINKEL CREAM;89; Rp60.000 ; Rp5.340.000 ;LUNAS;HECTIC STORE;;;;
574;Wednesday, 14 January 2026;KEMEJA LINEN KRINKEL PUTIH;89; Rp60.000 ; Rp5.340.000 ;LUNAS;HECTIC STORE;;;;
575;Wednesday, 14 January 2026;BOXY LEOPARD;64; Rp49.000 ; Rp3.136.000 ;LUNAS;HECTIC STORE;;;;
576;Wednesday, 14 January 2026;BOXY OPINION;62; Rp49.000 ; Rp3.038.000 ;LUNAS;HECTIC STORE;;;;
577;Wednesday, 14 January 2026;BOXY CAMEL;62; Rp49.000 ; Rp3.038.000 ;LUNAS;HECTIC STORE;;;;
578;Wednesday, 14 January 2026;BOXY PAINT BLACK;64; Rp49.000 ; Rp3.136.000 ;LUNAS;HECTIC STORE;;;;
579;Wednesday, 14 January 2026;BOXY MY STAR;69; Rp49.000 ; Rp3.381.000 ;LUNAS;HECTIC STORE;;;;
580;Wednesday, 14 January 2026;BOXY GEOLAPS;63; Rp49.000 ; Rp3.087.000 ;LUNAS;HECTIC STORE;;;;
581;Wednesday, 14 January 2026;BOXY THE GIFT;60; Rp49.000 ; Rp2.940.000 ;LUNAS;HECTIC STORE;;;;
582;Wednesday, 14 January 2026;BOXY ICON;60; Rp49.000 ; Rp2.940.000 ;LUNAS;HECTIC STORE;;;;
583;Wednesday, 14 January 2026;OVERSIZE STILL BLUE;68; Rp39.000 ; Rp2.652.000 ;LUNAS;HECTIC STORE;;;;
584;Wednesday, 14 January 2026;OVERSIZE DUSTY PINK;68; Rp39.000 ; Rp2.652.000 ;LUNAS;HECTIC STORE;;;;
585;Sunday, 18 January 2026;JERSEY BLACK STAR;88; Rp55.000 ; Rp4.840.000 ;LUNAS;HECTIC STORE;;;;
586;Sunday, 18 January 2026;JERSEY ACADEMY;88; Rp55.000 ; Rp4.840.000 ;LUNAS;HECTIC STORE;;;;
587;Sunday, 18 January 2026;JERSEY LEOPARD;88; Rp55.000 ; Rp4.840.000 ;LUNAS;HECTIC STORE;;;;
588;Sunday, 18 January 2026;BAGGY MOSSY;75; Rp100.000 ; Rp7.500.000 ;LUNAS;HECTIC STORE;;;;
589;Sunday, 18 January 2026;CARGO PANT CREAM;40; Rp65.000 ; Rp2.600.000 ;LUNAS;HECTIC STORE;;;;
590;Sunday, 18 January 2026;SHORT PANT ABU;66; Rp40.000 ; Rp2.640.000 ;LUNAS;HECTIC STORE;;;;
591;Sunday, 18 January 2026;OVERSIZE HIJAU LIME;59; Rp39.000 ; Rp2.301.000 ;LUNAS;HECTIC STORE;;;;
592;Sunday, 18 January 2026;POLO SHIRT KNIT WHITE;63; Rp60.000 ; Rp3.780.000 ;LUNAS;HECTIC STORE;;;;
593;Sunday, 18 January 2026;BOXY SCORPIO WHITE;49; Rp55.000 ; Rp2.695.000 ;LUNAS;HECTIC STORE;;;;
594;Sunday, 18 January 2026;BOXY SCORPIO GREY;49; Rp55.000 ; Rp2.695.000 ;LUNAS;HECTIC STORE;;;;
595;Sunday, 18 January 2026;BOXY SCORPIO RED;44; Rp55.000 ; Rp2.420.000 ;LUNAS;HECTIC STORE;;;;
596;Sunday, 18 January 2026;BOXY MOURN;46; Rp49.000 ; Rp2.254.000 ;LUNAS;HECTIC STORE;;;;
597;Sunday, 18 January 2026;BOXY GEOLAPS;76; Rp49.000 ; Rp3.724.000 ;LUNAS;HECTIC STORE;;;;
598;Sunday, 18 January 2026;BOXY OVERSIZE ARMY;79; Rp39.000 ; Rp3.081.000 ;LUNAS;HECTIC STORE;;;;
599;Sunday, 18 January 2026;BOXY VOID;79; Rp49.000 ; Rp3.871.000 ;LUNAS;HECTIC STORE;;;;
600;Sunday, 18 January 2026;BOXY THE GIFT;55; Rp49.000 ; Rp2.695.000 ;LUNAS;HECTIC STORE;;;;
601;Wednesday, 21 January 2026;BOXY PAINT BROWN;50; Rp49.000 ; Rp2.450.000 ;LUNAS;HECTIC STORE;;;;
602;Wednesday, 21 January 2026;BOXY ICON;50; Rp49.000 ; Rp2.450.000 ;LUNAS;HECTIC STORE;;;;
603;Wednesday, 21 January 2026;BOXY PUBLIC SPACE;39; Rp49.000 ; Rp1.911.000 ;LUNAS;HECTIC STORE;;;;
604;Wednesday, 21 January 2026;BOXY LOVED;36; Rp49.000 ; Rp1.764.000 ;LUNAS;HECTIC STORE;;;;
605;Wednesday, 21 January 2026;BASEBALL 77 BLUE TEAL;34; Rp60.000 ; Rp2.040.000 ;LUNAS;HECTIC STORE;;;;
606;Wednesday, 21 January 2026;BASEBALL 77 BLACK;56; Rp60.000 ; Rp3.360.000 ;LUNAS;HECTIC STORE;;;;
607;Wednesday, 21 January 2026;BOXY BUTTERFLY;84; Rp49.000 ; Rp4.116.000 ;LUNAS;HECTIC STORE;;;;
608;Wednesday, 21 January 2026;BOXY PATIENCE;81; Rp49.000 ; Rp3.969.000 ;LUNAS;HECTIC STORE;;;;
609;Wednesday, 21 January 2026;BOXY PURPLE;76; Rp49.000 ; Rp3.724.000 ;LUNAS;HECTIC STORE;;;;
610;Wednesday, 21 January 2026;BOXY WASHED BLACK;73; Rp49.000 ; Rp3.577.000 ;LUNAS;HECTIC STORE;;;;
611;Wednesday, 21 January 2026;BOXY LEOPARD;75; Rp49.000 ; Rp3.675.000 ;LUNAS;HECTIC STORE;;;;
612;Wednesday, 21 January 2026;JERSEY LEOPARD;80; Rp55.000 ; Rp4.400.000 ;LUNAS;HECTIC STORE;;;;
613;Wednesday, 21 January 2026;KEMEJA KRINKEL NAVY;69; Rp60.000 ; Rp4.140.000 ;LUNAS;HECTIC STORE;;;;
614;Wednesday, 21 January 2026;KEMEJA KRINKEL RED;69; Rp60.000 ; Rp4.140.000 ;LUNAS;HECTIC STORE;;;;
615;Wednesday, 21 January 2026;POLO SHIRT KNIT WHITE;40; Rp60.000 ; Rp2.400.000 ;LUNAS;HECTIC STORE;;;;
616;Wednesday, 21 January 2026;CARDIGAN CORSVIA RAJOET;88; Rp120.000 ; Rp10.560.000 ;LUNAS;HECTIC STORE;;;;
617;Wednesday, 21 January 2026;BAGGY MOSSY;95; Rp100.000 ; Rp9.500.000 ;LUNAS;HECTIC STORE;;;;
618;Saturday, 24 January 2026;CARGO PANT CREAM;55; Rp65.000 ; Rp3.575.000 ;LUNAS;HECTIC STORE;;;;
619;Saturday, 24 January 2026;SHORT PANT ABU;72; Rp40.000 ; Rp2.880.000 ;LUNAS;HECTIC STORE;;;;
620;Saturday, 24 January 2026;OVERSIZE HIJAU LIME;36; Rp39.000 ; Rp1.404.000 ;LUNAS;HECTIC STORE;;;;
621;Saturday, 24 January 2026;POLO SHIRT KNIT WHITE;64; Rp60.000 ; Rp3.840.000 ;LUNAS;HECTIC STORE;;;;
622;Saturday, 24 January 2026;OVERSIZE STILL BLUE;59; Rp39.000 ; Rp2.301.000 ;LUNAS;HECTIC STORE;;;;
623;Saturday, 24 January 2026;OVERSIZE DUSTY PINK;77; Rp39.000 ; Rp3.003.000 ;LUNAS;HECTIC STORE;;;;
624;Saturday, 24 January 2026;JERSEY BLACK STAR;43; Rp55.000 ; Rp2.365.000 ;LUNAS;HECTIC STORE;;;;
625;Saturday, 24 January 2026;JERSEY ACADEMY;46; Rp55.000 ; Rp2.530.000 ;LUNAS;HECTIC STORE;;;;
626;Saturday, 24 January 2026;JERSEY LEOPARD;55; Rp55.000 ; Rp3.025.000 ;LUNAS;HECTIC STORE;;;;
627;Saturday, 24 January 2026;KEMEJA LINEN HITAM;95; Rp60.000 ; Rp5.700.000 ;LUNAS;HECTIC STORE;;;;
628;Saturday, 24 January 2026;KEMEJA LINEN PUTIH;92; Rp60.000 ; Rp5.520.000 ;LUNAS;HECTIC STORE;;;;
629;Saturday, 24 January 2026;KEMEJA KNIT MAHOGANY;82; Rp60.000 ; Rp4.920.000 ;LUNAS;HECTIC STORE;;;;
630;Saturday, 24 January 2026;KEMEJA KNIT WHITE;82; Rp60.000 ; Rp4.920.000 ;LUNAS;HECTIC STORE;;;;
631;Saturday, 24 January 2026;OVERSIZE TERRA COTTA;55; Rp39.000 ; Rp2.145.000 ;LUNAS;HECTIC STORE;;;;
632;Saturday, 24 January 2026;OVERSIZE HIJAU BOTOL;55; Rp39.000 ; Rp2.145.000 ;LUNAS;HECTIC STORE;;;;
633;Saturday, 24 January 2026;BOXY DISTORTED HITAM;70; Rp49.000 ; Rp3.430.000 ;LUNAS;HECTIC STORE;;;;
634;Saturday, 24 January 2026;BOXY DISTORTED ABU;70; Rp49.000 ; Rp3.430.000 ;LUNAS;HECTIC STORE;;;;
635;Saturday, 24 January 2026;BOXY POLOS PUTIH;62; Rp39.000 ; Rp2.418.000 ;LUNAS;HECTIC STORE;;;;
636;Monday, 26 January 2026;BOXY POLOS HITAM;69; Rp39.000 ; Rp2.691.000 ;LUNAS;HECTIC STORE;;;;
637;Monday, 26 January 2026;BOXY POLOS PUTIH;65; Rp39.000 ; Rp2.535.000 ;LUNAS;HECTIC STORE;;;;
638;Monday, 26 January 2026;BOXY DISTORTED ABU;32; Rp49.000 ; Rp1.568.000 ;LUNAS;HECTIC STORE;;;;
639;Monday, 26 January 2026;BOXY SUNSET;85; Rp55.000 ; Rp4.675.000 ;LUNAS;HECTIC STORE;;;;
640;Monday, 26 January 2026;BAGGY MOSSY;51; Rp100.000 ; Rp5.100.000 ;LUNAS;HECTIC STORE;;;;
641;Monday, 26 January 2026;SHORT PANT HITAM;97; Rp40.000 ; Rp3.880.000 ;LUNAS;HECTIC STORE;;;;
642;Monday, 26 January 2026;CARGO PANT CREAM;60; Rp65.000 ; Rp3.900.000 ;LUNAS;HECTIC STORE;;;;
643;Monday, 26 January 2026;CARGO PANT GREEN;82; Rp65.000 ; Rp5.330.000 ;LUNAS;HECTIC STORE;;;;
644;Monday, 26 January 2026;KEMEJA LINEN HITAM;77; Rp60.000 ; Rp4.620.000 ;LUNAS;HECTIC STORE;;;;
645;Monday, 26 January 2026;KEMEJA LINEN PUTIH;77; Rp60.000 ; Rp4.620.000 ;LUNAS;HECTIC STORE;;;;
646;Monday, 26 January 2026;BOXY DISTORTED HITAM;33; Rp49.000 ; Rp1.617.000 ;LUNAS;HECTIC STORE;;;;
647;Monday, 26 January 2026;JERSEY BLACK STAR;69; Rp55.000 ; Rp3.795.000 ;LUNAS;HECTIC STORE;;;;
648;Monday, 26 January 2026;JERSEY ACADEMY;69; Rp55.000 ; Rp3.795.000 ;LUNAS;HECTIC STORE;;;;
649;Monday, 26 January 2026;BASEBALL 77 BLUE TEAL;58; Rp60.000 ; Rp3.480.000 ;LUNAS;HECTIC STORE;;;;
650;Monday, 26 January 2026;BASEBALL 77 BLACK;52; Rp60.000 ; Rp3.120.000 ;LUNAS;HECTIC STORE;;;;
651;Monday, 26 January 2026;OVERSIZE SAGE;49; Rp39.000 ; Rp1.911.000 ;LUNAS;HECTIC STORE;;;;
652;Monday, 26 January 2026;OVERSIZE STILL BLUE;63; Rp39.000 ; Rp2.457.000 ;LUNAS;HECTIC STORE;;;;
653;Monday, 26 January 2026;OVERSIZE STILL GREY;40; Rp39.000 ; Rp1.560.000 ;LUNAS;HECTIC STORE;;;;
654;Monday, 26 January 2026;OVERSIZE TERRA COTTA;55; Rp39.000 ; Rp2.145.000 ;LUNAS;HECTIC STORE;;;;
655;Wednesday, 28 January 2026;POLO SHIRT KNIT WHITE;36; Rp60.000 ; Rp2.160.000 ;LUNAS;HECTIC STORE;;;;
656;Wednesday, 28 January 2026;BOXY POLOS HIJAU;60; Rp39.000 ; Rp2.340.000 ;LUNAS;HECTIC STORE;;;;
657;Wednesday, 28 January 2026;BOXY POLOS MERAH;44; Rp49.000 ; Rp2.156.000 ;LUNAS;HECTIC STORE;;;;
658;Wednesday, 28 January 2026;OVERSIZE POLOS DUSTY VIOLET;51; Rp39.000 ; Rp1.989.000 ;LUNAS;HECTIC STORE;;;;
659;Wednesday, 28 January 2026;SEPATU SANDAL;39; Rp105.000 ; Rp4.095.000 ;LUNAS;HECTIC STORE;;;;
660;Wednesday, 28 January 2026;KEMEJA LINEN REGULER;57; Rp60.000 ; Rp3.420.000 ;LUNAS;HECTIC STORE;;;;
661;Wednesday, 28 January 2026;BOXY OPINION;94; Rp49.000 ; Rp4.606.000 ;LUNAS;HECTIC STORE;;;;
662;Wednesday, 28 January 2026;BOXY WHATEVER;53; Rp49.000 ; Rp2.597.000 ;LUNAS;HECTIC STORE;;;;
663;Wednesday, 28 January 2026;BOXY FAKE FRIEND;45; Rp49.000 ; Rp2.205.000 ;LUNAS;HECTIC STORE;;;;
664;Wednesday, 28 January 2026;BOXY ANXIETY BLACK;45; Rp49.000 ; Rp2.205.000 ;LUNAS;HECTIC STORE;;;;
665;Wednesday, 28 January 2026;BOXY SOCIAL PLEASURE;46; Rp49.000 ; Rp2.254.000 ;LUNAS;HECTIC STORE;;;;
666;Wednesday, 28 January 2026;BOXY AFTER TASTE;47; Rp49.000 ; Rp2.303.000 ;LUNAS;HECTIC STORE;;;;
667;Wednesday, 28 January 2026;BOXY ICON;45; Rp49.000 ; Rp2.205.000 ;LUNAS;HECTIC STORE;;;;
668;Wednesday, 28 January 2026;SHORT PANT HITAM;95; Rp40.000 ; Rp3.800.000 ;LUNAS;HECTIC STORE;;;;
669;Wednesday, 28 January 2026;BOXY DISTORTED ABU;55; Rp49.000 ; Rp2.695.000 ;LUNAS;HECTIC STORE;;;;
670;Wednesday, 28 January 2026;BOXY DISTORTED HITAM;94; Rp49.000 ; Rp4.606.000 ;LUNAS;HECTIC STORE;;;;
671;Friday, 30 January 2026;KEMEJA LINEN KRINKEL CREAM;51; Rp60.000 ; Rp3.060.000 ;LUNAS;HECTIC STORE;;;;
672;Friday, 30 January 2026;KEMEJA LINEN KRINKEL PUTIH;60; Rp60.000 ; Rp3.600.000 ;LUNAS;HECTIC STORE;;;;
673;Friday, 30 January 2026;KEMEJA LINEN HITAM;44; Rp60.000 ; Rp2.640.000 ;LUNAS;HECTIC STORE;;;;
674;Friday, 30 January 2026;KEMEJA LINEN PUTIH;58; Rp60.000 ; Rp3.480.000 ;LUNAS;HECTIC STORE;;;;
675;Friday, 30 January 2026;OVERSIZE BEIGE;36; Rp39.000 ; Rp1.404.000 ;LUNAS;HECTIC STORE;;;;
676;Friday, 30 January 2026;OVERSIZE CREAMBERRY;49; Rp39.000 ; Rp1.911.000 ;LUNAS;HECTIC STORE;;;;
677;Friday, 30 January 2026;OVERSIZE DARK BROWN;63; Rp39.000 ; Rp2.457.000 ;LUNAS;HECTIC STORE;;;;
678;Friday, 30 January 2026;OVERSIZE DUSTY PINK;55; Rp39.000 ; Rp2.145.000 ;LUNAS;HECTIC STORE;;;;
679;Friday, 30 January 2026;CARGO PANT CREAM;85; Rp65.000 ; Rp5.525.000 ;LUNAS;HECTIC STORE;;;;
680;Friday, 30 January 2026;CARGO PANT GREEN;76; Rp65.000 ; Rp4.940.000 ;LUNAS;HECTIC STORE;;;;
681;Friday, 30 January 2026;CARDIGAN CORSVIA RAJOET;52; Rp120.000 ; Rp6.240.000 ;LUNAS;HECTIC STORE;;;;
682;Friday, 30 January 2026;SEPATU SANDAL;36; Rp105.000 ; Rp3.780.000 ;LUNAS;HECTIC STORE;;;;
683;Monday, 02 February 2026;BOXY THE GIFT;44; Rp49.000 ; Rp2.156.000 ;LUNAS;HECTIC STORE;;;;
684;Monday, 02 February 2026;BOXY PAINT BROWN;65; Rp49.000 ; Rp3.185.000 ;LUNAS;HECTIC STORE;;;;
685;Monday, 02 February 2026;BOXY ICON;65; Rp49.000 ; Rp3.185.000 ;LUNAS;HECTIC STORE;;;;
686;Monday, 02 February 2026;BOXY PUBLIC SPACE;83; Rp49.000 ; Rp4.067.000 ;LUNAS;HECTIC STORE;;;;
687;Monday, 02 February 2026;BOXY LOVED;83; Rp49.000 ; Rp4.067.000 ;LUNAS;HECTIC STORE;;;;
688;Monday, 02 February 2026;KEMEJA LINEN PUTIH;50; Rp60.000 ; Rp3.000.000 ;LUNAS;HECTIC STORE;;;;
689;Monday, 02 February 2026;OVERSIZE DUSTY PINK;59; Rp39.000 ; Rp2.301.000 ;LUNAS;HECTIC STORE;;;;
690;Monday, 02 February 2026;JERSEY BLACK STAR;46; Rp55.000 ; Rp2.530.000 ;LUNAS;HECTIC STORE;;;;
691;Monday, 02 February 2026;JERSEY ACADEMY;63; Rp55.000 ; Rp3.465.000 ;LUNAS;HECTIC STORE;;;;
692;Monday, 02 February 2026;JERSEY LEOPARD;39; Rp55.000 ; Rp2.145.000 ;LUNAS;HECTIC STORE;;;;
693;Monday, 02 February 2026;KEMEJA KRINKEL RED;88; Rp60.000 ; Rp5.280.000 ;LUNAS;HECTIC STORE;;;;
694;Monday, 02 February 2026;KEMEJA KRINKEL WHITE;79; Rp60.000 ; Rp4.740.000 ;LUNAS;HECTIC STORE;;;;
695;Monday, 02 February 2026;OVERSIZE POLOS HITAM;71; Rp39.000 ; Rp2.769.000 ;LUNAS;HECTIC STORE;;;;
696;Monday, 02 February 2026;OVERSIZE POLOS PUTIH;70; Rp39.000 ; Rp2.730.000 ;LUNAS;HECTIC STORE;;;;
697;Monday, 02 February 2026;CARDIGAN CORSVIA RAJOET;33; Rp120.000 ; Rp3.960.000 ;LUNAS;HECTIC STORE;;;;
698;Monday, 02 February 2026;BOXY ABSTRACT;62; Rp49.000 ; Rp3.038.000 ;LUNAS;HECTIC STORE;;;;
699;Monday, 02 February 2026;BOXY OVERSIZE ARMY;43; Rp39.000 ; Rp1.677.000 ;LUNAS;HECTIC STORE;;;;
700;Monday, 02 February 2026;BOXY PAINT BLACK;48; Rp49.000 ; Rp2.352.000 ;LUNAS;HECTIC STORE;;;;
701;Friday, 06 February 2026;BOXY CHERRY KISS;47; Rp49.000 ; Rp2.303.000 ;LUNAS;HECTIC STORE;;;;
702;Friday, 06 February 2026;BOXY CAMEL;46; Rp49.000 ; Rp2.254.000 ;LUNAS;HECTIC STORE;;;;
703;Friday, 06 February 2026;BOXY YOUR MOUTH;47; Rp49.000 ; Rp2.303.000 ;LUNAS;HECTIC STORE;;;;
704;Friday, 06 February 2026;BOXY CHROME;42; Rp49.000 ; Rp2.058.000 ;LUNAS;HECTIC STORE;;;;
705;Friday, 06 February 2026;JERSEY LEOPARD;91; Rp55.000 ; Rp5.005.000 ;LUNAS;HECTIC STORE;;;;
706;Friday, 06 February 2026;BAGGY MOSSY;82; Rp100.000 ; Rp8.200.000 ;LUNAS;HECTIC STORE;;;;
707;Friday, 06 February 2026;BOXY FALLEN;45; Rp49.000 ; Rp2.205.000 ;LUNAS;HECTIC STORE;;;;
708;Friday, 06 February 2026;BOXY LOVE TEE;47; Rp49.000 ; Rp2.303.000 ;LUNAS;HECTIC STORE;;;;
709;Friday, 06 February 2026;BOXY DEADLY;59; Rp49.000 ; Rp2.891.000 ;LUNAS;HECTIC STORE;;;;
710;Friday, 06 February 2026;BOXY FAKE FRIEND;66; Rp49.000 ; Rp3.234.000 ;LUNAS;HECTIC STORE;;;;
711;Friday, 06 February 2026;BOXY DUCK TAPE;84; Rp49.000 ; Rp4.116.000 ;LUNAS;HECTIC STORE;;;;
712;Friday, 06 February 2026;BOXY POLOS HITAM;80; Rp39.000 ; Rp3.120.000 ;LUNAS;HECTIC STORE;;;;
713;Friday, 06 February 2026;BOXY LEOPARD;35; Rp49.000 ; Rp1.715.000 ;LUNAS;HECTIC STORE;;;;
714;Friday, 06 February 2026;BOXY MOURN;79; Rp49.000 ; Rp3.871.000 ;LUNAS;HECTIC STORE;;;;
715;Friday, 06 February 2026;BOXY GEOLAPS;62; Rp49.000 ; Rp3.038.000 ;LUNAS;HECTIC STORE;;;;
716;Friday, 06 February 2026;BOXY OVERSIZE ARMY;58; Rp39.000 ; Rp2.262.000 ;LUNAS;HECTIC STORE;;;;
717;Monday, 09 February 2026;BOXY VOID;42; Rp49.000 ; Rp2.058.000 ;LUNAS;HECTIC STORE;;;;
718;Monday, 09 February 2026;BOXY LOVED RIB WHITE;92; Rp49.000 ; Rp4.508.000 ;LUNAS;HECTIC STORE;;;;
719;Monday, 09 February 2026;BOXY BUTTERFLY;66; Rp49.000 ; Rp3.234.000 ;LUNAS;HECTIC STORE;;;;
720;Monday, 09 February 2026;BOXY PATIENCE;35; Rp49.000 ; Rp1.715.000 ;LUNAS;HECTIC STORE;;;;
721;Monday, 09 February 2026;BOXY PURPLE;74; Rp49.000 ; Rp3.626.000 ;LUNAS;HECTIC STORE;;;;
722;Monday, 09 February 2026;BOXY WASHED BLACK;42; Rp49.000 ; Rp2.058.000 ;LUNAS;HECTIC STORE;;;;
723;Monday, 09 February 2026;BOXY DISTORTED HITAM;50; Rp49.000 ; Rp2.450.000 ;LUNAS;HECTIC STORE;;;;
724;Monday, 09 February 2026;BOXY DISTORTED ABU;50; Rp49.000 ; Rp2.450.000 ;LUNAS;HECTIC STORE;;;;
725;Monday, 09 February 2026;OVERSIZE POLOS DUSTY VIOLET;88; Rp39.000 ; Rp3.432.000 ;LUNAS;HECTIC STORE;;;;
726;Monday, 09 February 2026;POLO SHIRT KNIT WHITE;81; Rp60.000 ; Rp4.860.000 ;LUNAS;HECTIC STORE;;;;
727;Monday, 09 February 2026;KEMEJA LINEN HITAM;52; Rp60.000 ; Rp3.120.000 ;LUNAS;HECTIC STORE;;;;
728;Monday, 09 February 2026;KEMEJA LINEN PUTIH;36; Rp60.000 ; Rp2.160.000 ;LUNAS;HECTIC STORE;;;;
729;Monday, 09 February 2026;BOXY WHATEVER;82; Rp49.000 ; Rp4.018.000 ;LUNAS;HECTIC STORE;;;;
730;Monday, 09 February 2026;BOXY REALITY;64; Rp49.000 ; Rp3.136.000 ;LUNAS;HECTIC STORE;;;;
731;Monday, 09 February 2026;BOXY PARANOID;52; Rp49.000 ; Rp2.548.000 ;LUNAS;HECTIC STORE;;;;
732;Thursday, 12 February 2026;BOXY ALWAYS;33; Rp49.000 ; Rp1.617.000 ;LUNAS;HECTIC STORE;;;;
733;Thursday, 12 February 2026;BOXY NEW LOGO;84; Rp49.000 ; Rp4.116.000 ;LUNAS;HECTIC STORE;;;;
734;Thursday, 12 February 2026;BOXY MONEY TALKS;80; Rp49.000 ; Rp3.920.000 ;LUNAS;HECTIC STORE;;;;
735;Thursday, 12 February 2026;BOXY LOCKED;89; Rp49.000 ; Rp4.361.000 ;LUNAS;HECTIC STORE;;;;
736;Thursday, 12 February 2026;BOXY AGAINST;51; Rp49.000 ; Rp2.499.000 ;LUNAS;HECTIC STORE;;;;
737;Thursday, 12 February 2026;BOXY BROKEN WHITE;51; Rp49.000 ; Rp2.499.000 ;LUNAS;HECTIC STORE;;;;
738;Thursday, 12 February 2026;BOXY FIELD;62; Rp49.000 ; Rp3.038.000 ;LUNAS;HECTIC STORE;;;;
739;Thursday, 12 February 2026;BOXY FAKE FRIEND;74; Rp49.000 ; Rp3.626.000 ;LUNAS;HECTIC STORE;;;;
740;Thursday, 12 February 2026;BOXY OPINION;88; Rp49.000 ; Rp4.312.000 ;LUNAS;HECTIC STORE;;;;
741;Thursday, 12 February 2026;BOXY POLOS PUTIH;66; Rp39.000 ; Rp2.574.000 ;LUNAS;HECTIC STORE;;;;
742;Thursday, 12 February 2026;OVERSIZE STILL GREY;46; Rp39.000 ; Rp1.794.000 ;LUNAS;HECTIC STORE;;;;
743;Thursday, 12 February 2026;KEMEJA LINEN REGULER;53; Rp60.000 ; Rp3.180.000 ;LUNAS;HECTIC STORE;;;;
744;Sunday, 15 February 2026;KEMEJA KRINKEL RED;73; Rp60.000 ; Rp4.380.000 ;LUNAS;HECTIC STORE;;;;
745;Sunday, 15 February 2026;KEMEJA KRINKEL WHITE;73; Rp60.000 ; Rp4.380.000 ;LUNAS;HECTIC STORE;;;;
746;Sunday, 15 February 2026;OVERSIZE POLOS HITAM;75; Rp39.000 ; Rp2.925.000 ;LUNAS;HECTIC STORE;;;;
747;Sunday, 15 February 2026;SHORT PANT ABU;45; Rp40.000 ; Rp1.800.000 ;LUNAS;HECTIC STORE;;;;
748;Sunday, 15 February 2026;POLO SHIRT KNIT WHITE;48; Rp60.000 ; Rp2.880.000 ;LUNAS;HECTIC STORE;;;;
749;Sunday, 15 February 2026;CARDIGAN CORSVIA RAJOET;32; Rp120.000 ; Rp3.840.000 ;LUNAS;HECTIC STORE;;;;
750;Sunday, 15 February 2026;BOXY ABSTRACT;92; Rp49.000 ; Rp4.508.000 ;LUNAS;HECTIC STORE;;;;
751;Sunday, 15 February 2026;BOXY DISTORTED HITAM;82; Rp49.000 ; Rp4.018.000 ;LUNAS;HECTIC STORE;;;;
752;Sunday, 15 February 2026;BOXY DISTORTED ABU;80; Rp49.000 ; Rp3.920.000 ;LUNAS;HECTIC STORE;;;;
753;Sunday, 15 February 2026;BAGGY MOSSY;55; Rp100.000 ; Rp5.500.000 ;LUNAS;HECTIC STORE;;;;
754;Sunday, 15 February 2026;BOXY OPINION;90; Rp49.000 ; Rp4.410.000 ;LUNAS;HECTIC STORE;;;;
755;Sunday, 15 February 2026;BOXY DUCK TAPE;50; Rp49.000 ; Rp2.450.000 ;LUNAS;HECTIC STORE;;;;
756;Sunday, 15 February 2026;BOXY WHATEVER;47; Rp49.000 ; Rp2.303.000 ;LUNAS;HECTIC STORE;;;;
757;Sunday, 15 February 2026;BOXY DEADLY;47; Rp49.000 ; Rp2.303.000 ;LUNAS;HECTIC STORE;;;;
758;Sunday, 15 February 2026;BOXY DUCK TAPE;92; Rp49.000 ; Rp4.508.000 ;LUNAS;HECTIC STORE;;;;
759;Wednesday, 18 February 2026;BOXY DISTORTED ABU;51; Rp49.000 ; Rp2.499.000 ;LUNAS;HECTIC STORE;;;;
760;Wednesday, 18 February 2026;BOXY OPINION;90; Rp49.000 ; Rp4.410.000 ;LUNAS;HECTIC STORE;;;;
761;Wednesday, 18 February 2026;BOXY DISTORTED HITAM;50; Rp49.000 ; Rp2.450.000 ;LUNAS;HECTIC STORE;;;;
762;Wednesday, 18 February 2026;BOXY WHATEVER;47; Rp49.000 ; Rp2.303.000 ;LUNAS;HECTIC STORE;;;;
763;Wednesday, 18 February 2026;BOXY DEADLY;47; Rp49.000 ; Rp2.303.000 ;LUNAS;HECTIC STORE;;;;
764;Wednesday, 18 February 2026;BOXY FALLEN;92; Rp49.000 ; Rp4.508.000 ;LUNAS;HECTIC STORE;;;;
765;Wednesday, 18 February 2026;BOXY AFTER TASTE;75; Rp49.000 ; Rp3.675.000 ;LUNAS;HECTIC STORE;;;;
766;Wednesday, 18 February 2026;BOXY SCORPIO WHITE;82; Rp55.000 ; Rp4.510.000 ;LUNAS;HECTIC STORE;;;;
767;Wednesday, 18 February 2026;BOXY SCORPIO GREY;46; Rp55.000 ; Rp2.530.000 ;LUNAS;HECTIC STORE;;;;
768;Wednesday, 18 February 2026;BOXY SCORPIO RED;49; Rp55.000 ; Rp2.695.000 ;LUNAS;HECTIC STORE;;;;
769;Wednesday, 18 February 2026;BOXY MOURN;41; Rp49.000 ; Rp2.009.000 ;LUNAS;HECTIC STORE;;;;
770;Wednesday, 18 February 2026;BOXY CAMEL;62; Rp49.000 ; Rp3.038.000 ;LUNAS;HECTIC STORE;;;;
771;Wednesday, 18 February 2026;BOXY PAINT BLACK;64; Rp49.000 ; Rp3.136.000 ;LUNAS;HECTIC STORE;;;;
772;Wednesday, 18 February 2026;BOXY MY STAR;69; Rp49.000 ; Rp3.381.000 ;LUNAS;HECTIC STORE;;;;
773;Wednesday, 18 February 2026;BOXY CHROME;82; Rp49.000 ; Rp4.018.000 ;LUNAS;HECTIC STORE;;;;
774;Saturday, 21 February 2026;BOXY CYAN LOVE;66; Rp49.000 ; Rp3.234.000 ;LUNAS;HECTIC STORE;;;;
775;Saturday, 21 February 2026;BOXY DISTORTED HITAM;35; Rp49.000 ; Rp1.715.000 ;LUNAS;HECTIC STORE;;;;
776;Saturday, 21 February 2026;BOXY DISTORTED ABU;51; Rp49.000 ; Rp2.499.000 ;LUNAS;HECTIC STORE;;;;
777;Saturday, 21 February 2026;BOXY CHERRY KISS;45; Rp49.000 ; Rp2.205.000 ;LUNAS;HECTIC STORE;;;;
778;Saturday, 21 February 2026;BOXY RABBIT TEE;74; Rp49.000 ; Rp3.626.000 ;LUNAS;HECTIC STORE;;;;
779;Saturday, 21 February 2026;BOXY BIRD;79; Rp49.000 ; Rp3.871.000 ;LUNAS;HECTIC STORE;;;;
780;Saturday, 21 February 2026;BOXY UNDERDOG WHITE;48; Rp49.000 ; Rp2.352.000 ;LUNAS;HECTIC STORE;;;;
781;Saturday, 21 February 2026;BOXY MIDNIGHT;50; Rp49.000 ; Rp2.450.000 ;LUNAS;HECTIC STORE;;;;
782;Saturday, 21 February 2026;OVERSIZE MUSTARD;65; Rp39.000 ; Rp2.535.000 ;LUNAS;HECTIC STORE;;;;
783;Saturday, 21 February 2026;OVERSIZE LILAC;82; Rp39.000 ; Rp3.198.000 ;LUNAS;HECTIC STORE;;;;
784;Saturday, 21 February 2026;OVERSIZE BEIGE;80; Rp39.000 ; Rp3.120.000 ;LUNAS;HECTIC STORE;;;;
785;Saturday, 21 February 2026;OVERSIZE SAGE;94; Rp39.000 ; Rp3.666.000 ;LUNAS;HECTIC STORE;;;;
786;Saturday, 21 February 2026;BOXY PAINT BROWN;76; Rp49.000 ; Rp3.724.000 ;LUNAS;HECTIC STORE;;;;
787;Saturday, 21 February 2026;BOXY VOID;25; Rp49.000 ; Rp1.225.000 ;LUNAS;HECTIC STORE;;;;
788;Saturday, 21 February 2026;BOXY PUBLIC SPACE;39; Rp49.000 ; Rp1.911.000 ;LUNAS;HECTIC STORE;;;;
789;Saturday, 21 February 2026;BOXY SCORPIO GREY;49; Rp55.000 ; Rp2.695.000 ;LUNAS;HECTIC STORE;;;;
790;Tuesday, 24 February 2026;BOXY GEOLAPS;78; Rp49.000 ; Rp3.822.000 ;LUNAS;HECTIC STORE;;;;
791;Tuesday, 24 February 2026;BASEBALL 77 BLUE TEAL;46; Rp60.000 ; Rp2.760.000 ;LUNAS;HECTIC STORE;;;;
792;Tuesday, 24 February 2026;BOXY MANUFACT;90; Rp49.000 ; Rp4.410.000 ;LUNAS;HECTIC STORE;;;;
793;Tuesday, 24 February 2026;BOXY AFTER TASTE;91; Rp49.000 ; Rp4.459.000 ;LUNAS;HECTIC STORE;;;;
794;Tuesday, 24 February 2026;BOXY CHERRY KISS;83; Rp49.000 ; Rp4.067.000 ;LUNAS;HECTIC STORE;;;;
795;Tuesday, 24 February 2026;BOXY MY STAR;46; Rp49.000 ; Rp2.254.000 ;LUNAS;HECTIC STORE;;;;
796;Tuesday, 24 February 2026;BOXY BIRD;75; Rp49.000 ; Rp3.675.000 ;LUNAS;HECTIC STORE;;;;
797;Tuesday, 24 February 2026;BOXY UNDERDOG WHITE;53; Rp49.000 ; Rp2.597.000 ;LUNAS;HECTIC STORE;;;;
798;Tuesday, 24 February 2026;BOXY POLOS HITAM;52; Rp39.000 ; Rp2.028.000 ;LUNAS;HECTIC STORE;;;;
799;Tuesday, 24 February 2026;BOXY POLOS PUTIH;38; Rp39.000 ; Rp1.482.000 ;LUNAS;HECTIC STORE;;;;
800;Tuesday, 24 February 2026;BOXY STREET BOYS;88; Rp49.000 ; Rp4.312.000 ;LUNAS;HECTIC STORE;;;;
801;Tuesday, 24 February 2026;OVERSIZE TERRA COTTA;58; Rp39.000 ; Rp2.262.000 ;LUNAS;HECTIC STORE;;;;
802;Tuesday, 24 February 2026;BOXY BITCHIN;65; Rp49.000 ; Rp3.185.000 ;LUNAS;HECTIC STORE;;;;
803;Tuesday, 24 February 2026;BOXY LEOPARD;33; Rp49.000 ; Rp1.617.000 ;LUNAS;HECTIC STORE;;;;
804;Thursday, 26 February 2026;BOXY POLOS HITAM;92; Rp39.000 ; Rp3.588.000 ;LUNAS;HECTIC STORE;;;;
805;Thursday, 26 February 2026;BOXY POLOS PUTIH;40; Rp39.000 ; Rp1.560.000 ;LUNAS;HECTIC STORE;;;;
806;Thursday, 26 February 2026;SEPATU SANDAL;56; Rp105.000 ; Rp5.880.000 ;LUNAS;HECTIC STORE;;;;
807;Thursday, 26 February 2026;OVERSIZE HIJAU BOTOL;57; Rp39.000 ; Rp2.223.000 ;LUNAS;HECTIC STORE;;;;
808;Thursday, 26 February 2026;OVERSIZE TERRA COTTA;95; Rp39.000 ; Rp3.705.000 ;LUNAS;HECTIC STORE;;;;
809;Thursday, 26 February 2026;OVERSIZE HIJAU LIME;69; Rp39.000 ; Rp2.691.000 ;LUNAS;HECTIC STORE;;;;
810;Thursday, 26 February 2026;OVERSIZE SAGE;70; Rp39.000 ; Rp2.730.000 ;LUNAS;HECTIC STORE;;;;
811;Thursday, 26 February 2026;OVERSIZE CREAMBERRY;52; Rp39.000 ; Rp2.028.000 ;LUNAS;HECTIC STORE;;;;
812;Thursday, 26 February 2026;BOXY SCORPIO WHITE;92; Rp55.000 ; Rp5.060.000 ;LUNAS;HECTIC STORE;;;;
813;Thursday, 26 February 2026;BOXY SCORPIO GREY;73; Rp55.000 ; Rp4.015.000 ;LUNAS;HECTIC STORE;;;;
814;Thursday, 26 February 2026;BOXY OPINION;34; Rp49.000 ; Rp1.666.000 ;LUNAS;HECTIC STORE;;;;
815;Thursday, 26 February 2026;BOXY GRUNGE;95; Rp49.000 ; Rp4.655.000 ;LUNAS;HECTIC STORE;;;;
816;Thursday, 26 February 2026;BOXY WHATEVER;94; Rp49.000 ; Rp4.606.000 ;LUNAS;HECTIC STORE;;;;
817;Thursday, 26 February 2026;BOXY AFTER TASTE;75; Rp49.000 ; Rp3.675.000 ;LUNAS;HECTIC STORE;;;;
818;Thursday, 26 February 2026;BOXY CAMEL;98; Rp49.000 ; Rp4.802.000 ;LUNAS;HECTIC STORE;;;;
819;Thursday, 26 February 2026;BOXY BITCHIN;44; Rp49.000 ; Rp2.156.000 ;LUNAS;HECTIC STORE;;;;
820;Thursday, 26 February 2026;KEMEJA FLANNEL HIJAU;47; Rp60.000 ; Rp2.820.000 ;LUNAS;HECTIC STORE;;;;
821;Thursday, 26 February 2026;KEMEJA FLANNEL COKLAT;54; Rp60.000 ; Rp3.240.000 ;LUNAS;HECTIC STORE;;;;
822;Thursday, 26 February 2026;BOXY LOVED;48; Rp49.000 ; Rp2.352.000 ;LUNAS;HECTIC STORE;;;;
823;Thursday, 26 February 2026;BOXY DISTORTED HITAM;69; Rp49.000 ; Rp3.381.000 ;LUNAS;HECTIC STORE;;;;
824;Thursday, 26 February 2026;SEPATU SANDAL;97; Rp105.000 ; Rp10.185.000 ;LUNAS;HECTIC STORE;;;;
825;Thursday, 26 February 2026;KEMEJA LINEN KRINKEL PUTIH;26; Rp60.000 ; Rp1.560.000 ;LUNAS;HECTIC STORE;;;;
826;Thursday, 26 February 2026;KEMEJA LINEN KRINKEL CREAM;49; Rp60.000 ; Rp2.940.000 ;LUNAS;HECTIC STORE;;;;
827;Thursday, 26 February 2026;BOXY MOURN;47; Rp49.000 ; Rp2.303.000 ;LUNAS;HECTIC STORE;;;;
828;Saturday, 28 February 2026;BASEBALL 77 BLUE TEAL;58; Rp60.000 ; Rp3.480.000 ;LUNAS;HECTIC STORE;;;;
829;Saturday, 28 February 2026;BOXY FAKE FRIEND;71; Rp49.000 ; Rp3.479.000 ;LUNAS;HECTIC STORE;;;;
830;Saturday, 28 February 2026;OVERSIZE POLOS HITAM;95; Rp39.000 ; Rp3.705.000 ;LUNAS;HECTIC STORE;;;;
831;Saturday, 28 February 2026;KEMEJA LINEN REGULER;69; Rp60.000 ; Rp4.140.000 ;LUNAS;HECTIC STORE;;;;
832;Saturday, 28 February 2026;BOXY CAMEL;66; Rp49.000 ; Rp3.234.000 ;LUNAS;HECTIC STORE;;;;
833;Saturday, 28 February 2026;BOXY POLOS PUTIH;38; Rp39.000 ; Rp1.482.000 ;LUNAS;HECTIC STORE;;;;
834;Saturday, 28 February 2026;BOXY GRUNGE;49; Rp49.000 ; Rp2.401.000 ;LUNAS;HECTIC STORE;;;;
835;Saturday, 28 February 2026;BOXY LEOPARD;70; Rp49.000 ; Rp3.430.000 ;LUNAS;HECTIC STORE;;;;
836;Saturday, 28 February 2026;BOXY WHATEVER;70; Rp49.000 ; Rp3.430.000 ;LUNAS;HECTIC STORE;;;;
837;Saturday, 28 February 2026;BOXY POLOS HITAM;85; Rp39.000 ; Rp3.315.000 ;LUNAS;HECTIC STORE;;;;
838;Saturday, 28 February 2026;POLO SHIRT KNIT WHITE;65; Rp60.000 ; Rp3.900.000 ;LUNAS;HECTIC STORE;;;;
839;Saturday, 28 February 2026;CARDIGAN CORSVIA RAJOET;47; Rp120.000 ; Rp5.640.000 ;LUNAS;HECTIC STORE;;;;
840;Saturday, 28 February 2026;CARGO PANT GREEN;82; Rp65.000 ; Rp5.330.000 ;LUNAS;HECTIC STORE;;;;
841;Saturday, 28 February 2026;CARGO PANT CREAM;39; Rp65.000 ; Rp2.535.000 ;LUNAS;HECTIC STORE;;;;
842;Saturday, 28 February 2026;BASEBALL 77 BLACK;59; Rp60.000 ; Rp3.540.000 ;LUNAS;HECTIC STORE;;;;
843;Saturday, 28 February 2026;BASEBALL 77 BLUE TEAL;66; Rp60.000 ; Rp3.960.000 ;LUNAS;HECTIC STORE;;;;
844;Saturday, 28 February 2026;BOXY OPINION;99; Rp49.000 ; Rp4.851.000 ;LUNAS;HECTIC STORE;;;;
845;Saturday, 28 February 2026;KEMEJA LINEN REGULER;65; Rp60.000 ; Rp3.900.000 ;LUNAS;HECTIC STORE;;;;
846;Saturday, 28 February 2026;BOXY CAMEL;71; Rp49.000 ; Rp3.479.000 ;LUNAS;HECTIC STORE;;;;
847;Saturday, 28 February 2026;BOXY ARCHIVE;77; Rp49.000 ; Rp3.773.000 ;LUNAS;HECTIC STORE;;;;
848;Saturday, 28 February 2026;BOXY LEOPARD;73; Rp49.000 ; Rp3.577.000 ;LUNAS;HECTIC STORE;;;;
849;Saturday, 28 February 2026;BOXY FAKE FRIEND;78; Rp49.000 ; Rp3.822.000 ;LUNAS;HECTIC STORE;;;;
850;Saturday, 28 February 2026;BOXY WHATEVER;74; Rp49.000 ; Rp3.626.000 ;LUNAS;HECTIC STORE;;;;
851;Saturday, 28 February 2026;CARDIGAN CORSVIA RAJOET;40; Rp120.000 ; Rp4.800.000 ;LUNAS;HECTIC STORE;;;;
852;Saturday, 28 February 2026;SEPATU SANDAL;69; Rp105.000 ; Rp7.245.000 ;LUNAS;HECTIC STORE;;;;
853;Sunday, 01 March 2026;BASEBALL 77 BLUE TEAL;80; Rp60.000 ; Rp4.800.000 ;LUNAS;HECTIC STORE;;;;
854;Sunday, 01 March 2026;CELANA SWEATPANT HITAM;53; Rp65.000 ; Rp3.445.000 ;LUNAS;HECTIC STORE;;;;
855;Sunday, 01 March 2026;BAGGY MOSSY;62; Rp100.000 ; Rp6.200.000 ;LUNAS;HECTIC STORE;;;;
856;Sunday, 01 March 2026;BOXY CHROME;31; Rp49.000 ; Rp1.519.000 ;LUNAS;HECTIC STORE;;;;
857;Sunday, 01 March 2026;BOXY CYAN LOVE;59; Rp49.000 ; Rp2.891.000 ;LUNAS;HECTIC STORE;;;;
858;Sunday, 01 March 2026;BOXY FALLEN;80; Rp49.000 ; Rp3.920.000 ;LUNAS;HECTIC STORE;;;;
859;Sunday, 01 March 2026;BOXY AFTER TASTE;49; Rp49.000 ; Rp2.401.000 ;LUNAS;HECTIC STORE;;;;
860;Sunday, 01 March 2026;BOXY CHERRY KISS;73; Rp49.000 ; Rp3.577.000 ;LUNAS;HECTIC STORE;;;;
861;Sunday, 01 March 2026;BOXY RABBIT TEE;66; Rp49.000 ; Rp3.234.000 ;LUNAS;HECTIC STORE;;;;
862;Sunday, 01 March 2026;BOXY BIRD;55; Rp49.000 ; Rp2.695.000 ;LUNAS;HECTIC STORE;;;;
863;Sunday, 01 March 2026;OVERSIZE SAGE;88; Rp39.000 ; Rp3.432.000 ;LUNAS;HECTIC STORE;;;;
864;Sunday, 01 March 2026;OVERSIZE CREAMBERRY;85; Rp39.000 ; Rp3.315.000 ;LUNAS;HECTIC STORE;;;;
865;Sunday, 01 March 2026;OVERSIZE STILL GREY;83; Rp39.000 ; Rp3.237.000 ;LUNAS;HECTIC STORE;;;;
866;Sunday, 01 March 2026;OVERSIZE BEIGE;83; Rp39.000 ; Rp3.237.000 ;LUNAS;HECTIC STORE;;;;
867;Sunday, 01 March 2026;OVERSIZE DUSTY PINK;88; Rp39.000 ; Rp3.432.000 ;LUNAS;HECTIC STORE;;;;
868;Sunday, 01 March 2026;OVERSIZE DARK BROWN;22; Rp39.000 ; Rp858.000 ;LUNAS;HECTIC STORE;;;;
869;Thursday, 05 March 2026;OVERSIZE MUSTARD;84; Rp39.000 ; Rp3.276.000 ;LUNAS;HECTIC STORE;;;;
870;Thursday, 05 March 2026;OVERSIZE STILL BLUE;34; Rp39.000 ; Rp1.326.000 ;LUNAS;HECTIC STORE;;;;
871;Thursday, 05 March 2026;OVERSIZE LILAC;89; Rp39.000 ; Rp3.471.000 ;LUNAS;HECTIC STORE;;;;
872;Thursday, 05 March 2026;BOXY LOVED RIB WHITE;36; Rp49.000 ; Rp1.764.000 ;LUNAS;HECTIC STORE;;;;
873;Thursday, 05 March 2026;KEMEJA KRINKEL NAVY;66; Rp60.000 ; Rp3.960.000 ;LUNAS;HECTIC STORE;;;;
874;Thursday, 05 March 2026;KEMEJA KRINKEL RED;66; Rp60.000 ; Rp3.960.000 ;LUNAS;HECTIC STORE;;;;
875;Thursday, 05 March 2026;POLO SHIRT KNIT WHITE;72; Rp60.000 ; Rp4.320.000 ;LUNAS;HECTIC STORE;;;;
876;Thursday, 05 March 2026;BOXY PATIENCE;79; Rp49.000 ; Rp3.871.000 ;LUNAS;HECTIC STORE;;;;
877;Thursday, 05 March 2026;BOXY PURPLE;68; Rp49.000 ; Rp3.332.000 ;LUNAS;HECTIC STORE;;;;
878;Thursday, 05 March 2026;BOXY WASHED BLACK;43; Rp49.000 ; Rp2.107.000 ;LUNAS;HECTIC STORE;;;;
879;Thursday, 05 March 2026;BOXY CAMEL;35; Rp49.000 ; Rp1.715.000 ;LUNAS;HECTIC STORE;;;;
880;Thursday, 05 March 2026;BOXY ARCHIVE;62; Rp49.000 ; Rp3.038.000 ;LUNAS;HECTIC STORE;;;;
881;Thursday, 05 March 2026;BOXY LEOPARD;66; Rp49.000 ; Rp3.234.000 ;LUNAS;HECTIC STORE;;;;
882;Thursday, 05 March 2026;BOXY FAKE FRIEND;42; Rp49.000 ; Rp2.058.000 ;LUNAS;HECTIC STORE;;;;
883;Thursday, 05 March 2026;CARGO PANT CREAM;50; Rp60.000 ; Rp3.000.000 ;LUNAS;HECTIC STORE;;;;
884;Thursday, 05 March 2026;CARGO PANT GREEN;50; Rp65.000 ; Rp3.250.000 ;LUNAS;HECTIC STORE;;;;
885;Sunday, 08 March 2026;BOXY ABSTRACT;39; Rp49.000 ; Rp1.911.000 ;LUNAS;HECTIC STORE;;;;
886;Sunday, 08 March 2026;KEMEJA LINEN REGULER;60; Rp60.000 ; Rp3.600.000 ;LUNAS;HECTIC STORE;;;;
887;Sunday, 08 March 2026;SHORT PANT ABU;64; Rp40.000 ; Rp2.560.000 ;LUNAS;HECTIC STORE;;;;
888;Sunday, 08 March 2026;SHORT PANT HITAM;43; Rp40.000 ; Rp1.720.000 ;LUNAS;HECTIC STORE;;;;
889;Sunday, 08 March 2026;KEMEJA KRINKEL NAVY;50; Rp60.000 ; Rp3.000.000 ;LUNAS;HECTIC STORE;;;;
890;Sunday, 08 March 2026;KEMEJA KRINKEL BROWN;52; Rp60.000 ; Rp3.120.000 ;LUNAS;HECTIC STORE;;;;
891;Sunday, 08 March 2026;CARGO PANT CREAM;59; Rp65.000 ; Rp3.835.000 ;LUNAS;HECTIC STORE;;;;
892;Sunday, 08 March 2026;CARGO PANT GREEN;25; Rp65.000 ; Rp1.625.000 ;LUNAS;HECTIC STORE;;;;
893;Sunday, 08 March 2026;JERSEY ACADEMY;62; Rp55.000 ; Rp3.410.000 ;LUNAS;HECTIC STORE;;;;
894;Sunday, 08 March 2026;KEMEJA KRINKEL WHITE;92; Rp60.000 ; Rp5.520.000 ;LUNAS;HECTIC STORE;;;;
895;Sunday, 08 March 2026;KEMEJA KRINKEL BLACK;93; Rp60.000 ; Rp5.580.000 ;LUNAS;HECTIC STORE;;;;
896;Sunday, 08 March 2026;BOXY LEOPARD;93; Rp49.000 ; Rp4.557.000 ;LUNAS;HECTIC STORE;;;;
897;Sunday, 08 March 2026;BOXY WASHED BLACK;95; Rp49.000 ; Rp4.655.000 ;LUNAS;HECTIC STORE;;;;
898;Sunday, 08 March 2026;BASEBALL 77 BLUE TEAL;46; Rp60.000 ; Rp2.760.000 ;LUNAS;HECTIC STORE;;;;
899;Thursday, 12 March 2026;BASEBALL 77 BLACK;49; Rp60.000 ; Rp2.940.000 ;LUNAS;HECTIC STORE;;;;
900;Thursday, 12 March 2026;BOXY BUTTERFLY;35; Rp49.000 ; Rp1.715.000 ;LUNAS;HECTIC STORE;;;;
901;Thursday, 12 March 2026;BOXY PATIENCE;75; Rp49.000 ; Rp3.675.000 ;LUNAS;HECTIC STORE;;;;
902;Thursday, 12 March 2026;BOXY PURPLE;59; Rp49.000 ; Rp2.891.000 ;LUNAS;HECTIC STORE;;;;
903;Thursday, 12 March 2026;KEMEJA KRINKEL NAVY;42; Rp60.000 ; Rp2.520.000 ;LUNAS;HECTIC STORE;;;;
904;Thursday, 12 March 2026;KEMEJA KRINKEL BROWN;90; Rp60.000 ; Rp5.400.000 ;LUNAS;HECTIC STORE;;;;
905;Thursday, 12 March 2026;JERSEY LEOPARD;42; Rp55.000 ; Rp2.310.000 ;LUNAS;HECTIC STORE;;;;
906;Thursday, 12 March 2026;OVERSIZE TERRA COTTA;62; Rp39.000 ; Rp2.418.000 ;LUNAS;HECTIC STORE;;;;
907;Thursday, 12 March 2026;OVERSIZE HIJAU LIME;75; Rp39.000 ; Rp2.925.000 ;LUNAS;HECTIC STORE;;;;
908;Thursday, 12 March 2026;OVERSIZE SAGE;77; Rp39.000 ; Rp3.003.000 ;LUNAS;HECTIC STORE;;;;
909;Thursday, 12 March 2026;OVERSIZE CREAMBERRY;75; Rp39.000 ; Rp2.925.000 ;LUNAS;HECTIC STORE;;;;
910;Thursday, 12 March 2026;BOXY DISTORTED HITAM;46; Rp49.000 ; Rp2.254.000 ;LUNAS;HECTIC STORE;;;;
911;Thursday, 12 March 2026;BOXY DISTORTED ABU;46; Rp49.000 ; Rp2.254.000 ;LUNAS;HECTIC STORE;;;;
912;Thursday, 12 March 2026;KEMEJA FLANNEL HIJAU;79; Rp60.000 ; Rp4.740.000 ;LUNAS;HECTIC STORE;;;;
913;Thursday, 12 March 2026;KEMEJA FLANNEL COKLAT;75; Rp60.000 ; Rp4.500.000 ;LUNAS;HECTIC STORE;;;;
914;Sunday, 15 March 2026;BOXY LOVED;71; Rp49.000 ; Rp3.479.000 ;LUNAS;HECTIC STORE;;;;
915;Sunday, 15 March 2026;BOXY BITCHIN;73; Rp49.000 ; Rp3.577.000 ;LUNAS;HECTIC STORE;;;;
916;Sunday, 15 March 2026;BOXY ALWAYS;75; Rp49.000 ; Rp3.675.000 ;LUNAS;HECTIC STORE;;;;
917;Sunday, 15 March 2026;BASEBALL 77 BLACK;81; Rp60.000 ; Rp4.860.000 ;LUNAS;HECTIC STORE;;;;
918;Sunday, 15 March 2026;BASEBALL 77 BLUE TEAL;81; Rp60.000 ; Rp4.860.000 ;LUNAS;HECTIC STORE;;;;
919;Sunday, 15 March 2026;BOXY SCORPIO GREY;55; Rp55.000 ; Rp3.025.000 ;LUNAS;HECTIC STORE;;;;
920;Sunday, 15 March 2026;BOXY SCORPIO WHITE;56; Rp55.000 ; Rp3.080.000 ;LUNAS;HECTIC STORE;;;;
921;Sunday, 15 March 2026;BOXY VOID;82; Rp49.000 ; Rp4.018.000 ;LUNAS;HECTIC STORE;;;;
922;Sunday, 15 March 2026;BOXY WHATEVER;49; Rp49.000 ; Rp2.401.000 ;LUNAS;HECTIC STORE;;;;
923;Sunday, 15 March 2026;BOXY MOURN;61; Rp49.000 ; Rp2.989.000 ;LUNAS;HECTIC STORE;;;;
924;Sunday, 15 March 2026;BOXY MONEY TALKS;35; Rp49.000 ; Rp1.715.000 ;LUNAS;HECTIC STORE;;;;
925;Sunday, 15 March 2026;BOXY NEW LOGO;57; Rp49.000 ; Rp2.793.000 ;LUNAS;HECTIC STORE;;;;
926;Sunday, 15 March 2026;BOXY POLOS PUTIH;73; Rp39.000 ; Rp2.847.000 ;LUNAS;HECTIC STORE;;;;
927;Sunday, 15 March 2026;KEMEJA LINEN KRINKEL CREAM;91; Rp60.000 ; Rp5.460.000 ;LUNAS;HECTIC STORE;;;;
928;Sunday, 15 March 2026;KEMEJA LINEN KRINKEL PUTIH;95; Rp60.000 ; Rp5.700.000 ;LUNAS;HECTIC STORE;;;;
929;Thursday, 19 March 2026;BOXY THE GIFT;88; Rp49.000 ; Rp4.312.000 ;LUNAS;HECTIC STORE;;;;
930;Thursday, 19 March 2026;BOXY ICON;35; Rp49.000 ; Rp1.715.000 ;LUNAS;HECTIC STORE;;;;
931;Thursday, 19 March 2026;POLO SHIRT KNIT WHITE;56; Rp60.000 ; Rp3.360.000 ;LUNAS;HECTIC STORE;;;;
932;Thursday, 19 March 2026;BOXY SCORPIO WHITE;49; Rp55.000 ; Rp2.695.000 ;LUNAS;HECTIC STORE;;;;
933;Thursday, 19 March 2026;BOXY SCORPIO GREY;78; Rp55.000 ; Rp4.290.000 ;LUNAS;HECTIC STORE;;;;
934;Thursday, 19 March 2026;BOXY SCORPIO RED;62; Rp55.000 ; Rp3.410.000 ;LUNAS;HECTIC STORE;;;;
935;Thursday, 19 March 2026;BOXY FALLEN;36; Rp49.000 ; Rp1.764.000 ;LUNAS;HECTIC STORE;;;;
936;Thursday, 19 March 2026;BOXY CHROME;41; Rp49.000 ; Rp2.009.000 ;LUNAS;HECTIC STORE;;;;
937;Thursday, 19 March 2026;OVERSIZE HIJAU LIME;58; Rp39.000 ; Rp2.262.000 ;LUNAS;HECTIC STORE;;;;
938;Thursday, 19 March 2026;OVERSIZE TERRA COTTA;80; Rp39.000 ; Rp3.120.000 ;LUNAS;HECTIC STORE;;;;
939;Thursday, 19 March 2026;BOXY SUNSET;35; Rp55.000 ; Rp1.925.000 ;LUNAS;HECTIC STORE;;;;
940;Thursday, 19 March 2026;CARDIGAN CORSVIA RAJOET;53; Rp120.000 ; Rp6.360.000 ;LUNAS;HECTIC STORE;;;;
941;Thursday, 19 March 2026;BOXY ABSTRACT;77; Rp49.000 ; Rp3.773.000 ;LUNAS;HECTIC STORE;;;;
942;Thursday, 19 March 2026;BOXY DISTORTED HITAM;32; Rp49.000 ; Rp1.568.000 ;LUNAS;HECTIC STORE;;;;
943;Thursday, 19 March 2026;BOXY DISTORTED ABU;32; Rp49.000 ; Rp1.568.000 ;LUNAS;HECTIC STORE;;;;
944;Thursday, 19 March 2026;CARGO PANT GREEN;52; Rp65.000 ; Rp3.380.000 ;LUNAS;HECTIC STORE;;;;
945;Thursday, 19 March 2026;CARGO PANT CREAM;59; Rp65.000 ; Rp3.835.000 ;LUNAS;HECTIC STORE;;;;
946;Sunday, 22 March 2026;CARGO PANT GREEN;25; Rp65.000 ; Rp1.625.000 ;LUNAS;HECTIC STORE;;;;
947;Sunday, 22 March 2026;JERSEY ACADEMY;62; Rp55.000 ; Rp3.410.000 ;LUNAS;HECTIC STORE;;;;
948;Sunday, 22 March 2026;JERSEY BLACK STAR;41; Rp55.000 ; Rp2.255.000 ;LUNAS;HECTIC STORE;;;;
949;Sunday, 22 March 2026;JERSEY GREEN FOREST;56; Rp55.000 ; Rp3.080.000 ;LUNAS;HECTIC STORE;;;;
950;Sunday, 22 March 2026;JERSEY LEOPARD;38; Rp55.000 ; Rp2.090.000 ;LUNAS;HECTIC STORE;;;;
951;Sunday, 22 March 2026;KEMEJA KNIT MAHOGANY;53; Rp60.000 ; Rp3.180.000 ;LUNAS;HECTIC STORE;;;;
952;Sunday, 22 March 2026;OVERSIZE HIJAU LIME;35; Rp39.000 ; Rp1.365.000 ;LUNAS;HECTIC STORE;;;;
953;Sunday, 22 March 2026;OVERSIZE TERRA COTTA;62; Rp39.000 ; Rp2.418.000 ;LUNAS;HECTIC STORE;;;;
954;Sunday, 22 March 2026;OVERSIZE HIJAU BOTOL;42; Rp39.000 ; Rp1.638.000 ;LUNAS;HECTIC STORE;;;;
955;Sunday, 22 March 2026;BASEBALL 77 BLACK;53; Rp60.000 ; Rp3.180.000 ;LUNAS;HECTIC STORE;;;;
956;Sunday, 22 March 2026;BOXY DREAMER;51; Rp49.000 ; Rp2.499.000 ;LUNAS;HECTIC STORE;;;;
957;Sunday, 22 March 2026;BOXY ALWAYS;97; Rp49.000 ; Rp4.753.000 ;LUNAS;HECTIC STORE;;;;
958;Sunday, 22 March 2026;BOXY FAKE FRIEND;64; Rp49.000 ; Rp3.136.000 ;LUNAS;HECTIC STORE;;;;
959;Sunday, 22 March 2026;BOXY CAMEL;75; Rp49.000 ; Rp3.675.000 ;LUNAS;HECTIC STORE;;;;
960;Sunday, 22 March 2026;BOXY BITCHIN;55; Rp49.000 ; Rp2.695.000 ;LUNAS;HECTIC STORE;;;;
961;Sunday, 22 March 2026;BOXY WHATEVER;64; Rp49.000 ; Rp3.136.000 ;LUNAS;HECTIC STORE;;;;
962;Sunday, 22 March 2026;BASEBALL 77 BLUE TEAL;91; Rp60.000 ; Rp5.460.000 ;LUNAS;HECTIC STORE;;;;
963;Sunday, 22 March 2026;BOXY OPINION;80; Rp49.000 ; Rp3.920.000 ;LUNAS;HECTIC STORE;;;;
964;Wednesday, 25 March 2026;BOXY LEOPARD;35; Rp49.000 ; Rp1.715.000 ;LUNAS;HECTIC STORE;;;;
965;Wednesday, 25 March 2026;BOXY FAKE FRIEND;47; Rp49.000 ; Rp2.303.000 ;LUNAS;HECTIC STORE;;;;
966;Wednesday, 25 March 2026;BOXY CHERRY KISS;72; Rp49.000 ; Rp3.528.000 ;LUNAS;HECTIC STORE;;;;
967;Wednesday, 25 March 2026;BOXY DEADLY;54; Rp49.000 ; Rp2.646.000 ;LUNAS;HECTIC STORE;;;;
968;Wednesday, 25 March 2026;BOXY FIELD;44; Rp49.000 ; Rp2.156.000 ;LUNAS;HECTIC STORE;;;;
969;Wednesday, 25 March 2026;BOXY CAMEL;88; Rp49.000 ; Rp4.312.000 ;LUNAS;HECTIC STORE;;;;
970;Wednesday, 25 March 2026;BOXY GRUNGE;64; Rp49.000 ; Rp3.136.000 ;LUNAS;HECTIC STORE;;;;
971;Wednesday, 25 March 2026;OVERSIZE POLOS HITAM;58; Rp39.000 ; Rp2.262.000 ;LUNAS;HECTIC STORE;;;;
972;Wednesday, 25 March 2026;OVERSIZE POLOS PUTIH;72; Rp39.000 ; Rp2.808.000 ;LUNAS;HECTIC STORE;;;;
973;Wednesday, 25 March 2026;POLO SHIRT KNIT WHITE;90; Rp60.000 ; Rp5.400.000 ;LUNAS;HECTIC STORE;;;;
974;Wednesday, 25 March 2026;BOXY SUNSET;89; Rp55.000 ; Rp4.895.000 ;LUNAS;HECTIC STORE;;;;
975;Wednesday, 25 March 2026;KEMEJA KNIT MAHOGANY;66; Rp60.000 ; Rp3.960.000 ;LUNAS;HECTIC STORE;;;;
976;Wednesday, 25 March 2026;KEMEJA KRINKEL NAVY;75; Rp60.000 ; Rp4.500.000 ;LUNAS;HECTIC STORE;;;;
977;Wednesday, 25 March 2026;KEMEJA KRINKEL BROWN;75; Rp60.000 ; Rp4.500.000 ;LUNAS;HECTIC STORE;;;;
978;Wednesday, 25 March 2026;BASEBALL 77 BLUE TEAL;35; Rp60.000 ; Rp2.100.000 ;LUNAS;HECTIC STORE;;;;
979;Wednesday, 25 March 2026;BASEBALL 77 BLACK;32; Rp60.000 ; Rp1.920.000 ;LUNAS;HECTIC STORE;;;;
980;Wednesday, 25 March 2026;BOXY BUTTERFLY;35; Rp49.000 ; Rp1.715.000 ;LUNAS;HECTIC STORE;;;;
981;Wednesday, 25 March 2026;BOXY PATIENCE;54; Rp49.000 ; Rp2.646.000 ;LUNAS;HECTIC STORE;;;;
982;Friday, 27 March 2026;BOXY PURPLE;63; Rp49.000 ; Rp3.087.000 ;LUNAS;HECTIC STORE;;;;
983;Friday, 27 March 2026;BOXY WASHED BLACK;95; Rp49.000 ; Rp4.655.000 ;LUNAS;HECTIC STORE;;;;
984;Friday, 27 March 2026;OVERSIZE MUSTARD;75; Rp39.000 ; Rp2.925.000 ;LUNAS;HECTIC STORE;;;;
985;Friday, 27 March 2026;OVERSIZE STILL BLUE;82; Rp39.000 ; Rp3.198.000 ;LUNAS;HECTIC STORE;;;;
986;Friday, 27 March 2026;OVERSIZE LILAC;64; Rp39.000 ; Rp2.496.000 ;LUNAS;HECTIC STORE;;;;
987;Friday, 27 March 2026;BOXY LOVED RIB WHITE;91; Rp49.000 ; Rp4.459.000 ;LUNAS;HECTIC STORE;;;;
988;Friday, 27 March 2026;BOXY CHERRY KISS;38; Rp49.000 ; Rp1.862.000 ;LUNAS;HECTIC STORE;;;;
989;Friday, 27 March 2026;BOXY RABBIT TEE;49; Rp49.000 ; Rp2.401.000 ;LUNAS;HECTIC STORE;;;;
990;Friday, 27 March 2026;BOXY BIRD;83; Rp49.000 ; Rp4.067.000 ;LUNAS;HECTIC STORE;;;;
991;Friday, 27 March 2026;OVERSIZE SAGE;72; Rp39.000 ; Rp2.808.000 ;LUNAS;HECTIC STORE;;;;
992;Friday, 27 March 2026;OVERSIZE CREAMBERRY;61; Rp39.000 ; Rp2.379.000 ;LUNAS;HECTIC STORE;;;;
993;Friday, 27 March 2026;BOXY RABBIT TEE;90; Rp49.000 ; Rp4.410.000 ;LUNAS;HECTIC STORE;;;;
994;Friday, 27 March 2026;BOXY GRUNGE;41; Rp49.000 ; Rp2.009.000 ;LUNAS;HECTIC STORE;;;;
995;Friday, 27 March 2026;CELANA SWEATPANT HITAM;60; Rp65.000 ; Rp3.900.000 ;LUNAS;HECTIC STORE;;;;
996;Friday, 27 March 2026;BOXY PAINT BROWN;79; Rp49.000 ; Rp3.871.000 ;LUNAS;HECTIC STORE;;;;
997;Friday, 27 March 2026;BOXY ICON;84; Rp49.000 ; Rp4.116.000 ;LUNAS;HECTIC STORE;;;;
998;Sunday, 29 March 2026;BOXY PUBLIC SPACE;97; Rp49.000 ; Rp4.753.000 ;LUNAS;HECTIC STORE;;;;
999;Sunday, 29 March 2026;BOXY LOVED;65; Rp49.000 ; Rp3.185.000 ;LUNAS;HECTIC STORE;;;;
1000;Sunday, 29 March 2026;BOXY SCORPIO GREY;33; Rp55.000 ; Rp1.815.000 ;LUNAS;HECTIC STORE;;;;
1001;Sunday, 29 March 2026;BOXY ANXIETY BLACK;85; Rp49.000 ; Rp4.165.000 ;LUNAS;HECTIC STORE;;;;
1002;Sunday, 29 March 2026;BOXY SOCIAL PLEASURE;36; Rp49.000 ; Rp1.764.000 ;LUNAS;HECTIC STORE;;;;
1003;Sunday, 29 March 2026;BOXY AFTER TASTE;45; Rp49.000 ; Rp2.205.000 ;LUNAS;HECTIC STORE;;;;
1004;Sunday, 29 March 2026;BOXY ICON;85; Rp49.000 ; Rp4.165.000 ;LUNAS;HECTIC STORE;;;;
1005;Sunday, 29 March 2026;SHORT PANT HITAM;79; Rp40.000 ; Rp3.160.000 ;LUNAS;HECTIC STORE;;;;
1006;Sunday, 29 March 2026;BOXY DISTORTED ABU;93; Rp49.000 ; Rp4.557.000 ;LUNAS;HECTIC STORE;;;;
1007;Sunday, 29 March 2026;BOXY DISTORTED HITAM;61; Rp49.000 ; Rp2.989.000 ;LUNAS;HECTIC STORE;;;;
1008;Sunday, 29 March 2026;CARGO PANT CREAM;42; Rp65.000 ; Rp2.730.000 ;LUNAS;HECTIC STORE;;;;
1009;Sunday, 29 March 2026;CARGO PANT GREEN;52; Rp65.000 ; Rp3.380.000 ;LUNAS;HECTIC STORE;;;;
1010;Sunday, 29 March 2026;BOXY PUBLIC SPACE;38; Rp49.000 ; Rp1.862.000 ;LUNAS;HECTIC STORE;;;;
1011;Sunday, 29 March 2026;BOXY LOVED;49; Rp49.000 ; Rp2.401.000 ;LUNAS;HECTIC STORE;;;;
1012;Tuesday, 31 March 2026;OVERSIZE STILL BLUE;51; Rp39.000 ; Rp1.989.000 ;LUNAS;HECTIC STORE;;;;
1013;Tuesday, 31 March 2026;OVERSIZE DUSTY PINK;69; Rp39.000 ; Rp2.691.000 ;LUNAS;HECTIC STORE;;;;
1014;Tuesday, 31 March 2026;SHORT PANT ABU;55; Rp40.000 ; Rp2.200.000 ;LUNAS;HECTIC STORE;;;;
1015;Tuesday, 31 March 2026;OVERSIZE HIJAU LIME;34; Rp39.000 ; Rp1.326.000 ;LUNAS;HECTIC STORE;;;;
1016;Tuesday, 31 March 2026;POLO SHIRT KNIT WHITE;85; Rp60.000 ; Rp5.100.000 ;LUNAS;HECTIC STORE;;;;
1017;Tuesday, 31 March 2026;OVERSIZE STILL BLUE;89; Rp39.000 ; Rp3.471.000 ;LUNAS;HECTIC STORE;;;;
1018;Tuesday, 31 March 2026;OVERSIZE DUSTY PINK;65; Rp39.000 ; Rp2.535.000 ;LUNAS;HECTIC STORE;;;;
1019;Tuesday, 31 March 2026;JERSEY BLACK STAR;64; Rp55.000 ; Rp3.520.000 ;LUNAS;HECTIC STORE;;;;
1020;Tuesday, 31 March 2026;OVERSIZE POLOS PUTIH;54; Rp39.000 ; Rp2.106.000 ;LUNAS;HECTIC STORE;;;;
1021;Tuesday, 31 March 2026;CARDIGAN CORSVIA RAJOET;49; Rp120.000 ; Rp5.880.000 ;LUNAS;HECTIC STORE;;;;
1022;Tuesday, 31 March 2026;BOXY ABSTRACT;62; Rp49.000 ; Rp3.038.000 ;LUNAS;HECTIC STORE;;;;
;;;;;;;;;;;
;;;;;;;;;;;
